-- phpMyAdmin SQL Dump
-- version 5.0.2
-- https://www.phpmyadmin.net/
--
-- Host: 127.0.0.1
-- Generation Time: Jun 15, 2020 at 02:43 AM
-- Server version: 10.4.11-MariaDB
-- PHP Version: 7.4.6

SET SQL_MODE = "NO_AUTO_VALUE_ON_ZERO";
START TRANSACTION;
SET time_zone = "+00:00";


/*!40101 SET @OLD_CHARACTER_SET_CLIENT=@@CHARACTER_SET_CLIENT */;
/*!40101 SET @OLD_CHARACTER_SET_RESULTS=@@CHARACTER_SET_RESULTS */;
/*!40101 SET @OLD_COLLATION_CONNECTION=@@COLLATION_CONNECTION */;
/*!40101 SET NAMES utf8mb4 */;

--
-- Database: `db_habas`
--

-- --------------------------------------------------------

--
-- Table structure for table `tbl_absensi`
--

CREATE TABLE `tbl_absensi` (
  `id_absensi` varchar(6) NOT NULL,
  `id_jadwal` varchar(5) NOT NULL,
  `id_murid` int(9) NOT NULL,
  `status_absensi` set('ALPHA','IZIN','SAKIT','HADIR') NOT NULL
) ENGINE=InnoDB DEFAULT CHARSET=utf8mb4;

-- --------------------------------------------------------

--
-- Table structure for table `tbl_guru`
--

CREATE TABLE `tbl_guru` (
  `id_guru` varchar(12) NOT NULL,
  `nama_guru` varchar(55) NOT NULL,
  `username` varchar(32) NOT NULL,
  `password` varchar(32) NOT NULL
) ENGINE=InnoDB DEFAULT CHARSET=utf8mb4;

--
-- Dumping data for table `tbl_guru`
--

INSERT INTO `tbl_guru` (`id_guru`, `nama_guru`, `username`, `password`) VALUES
('Ali', 'Ali Imran', '7a9b46ab6d983a85dd4d9a1aa64a3945', '21232f297a57a5a743894a0e4a801fc3'),
('Ans', 'Anisa Dwi Kusherawati', '2168c5915d5452d864f273c4536d8f9e', '21232f297a57a5a743894a0e4a801fc3'),
('Ant', 'Anthonius Jufri K, MTh', '938db156ad9b67fa1d4276ac67649940', '21232f297a57a5a743894a0e4a801fc3'),
('Apr', 'April S. M.Kom', '6d7215c4b3bc4716d026ac46c6d9ae64', '21232f297a57a5a743894a0e4a801fc3'),
('Arf', 'Arif Rifa\'I, S.Kom', '84a0bb27e547f947863b4e9d1ed8075f', '21232f297a57a5a743894a0e4a801fc3'),
('Arm', 'Arum Esti Mumpuni, S.pd', '551c5c03a1a91f2cf90e0d9a9b6dd378', '21232f297a57a5a743894a0e4a801fc3'),
('Arm.2', '-', '682217e722dda2ec4e8b50d869bd1e8c', '21232f297a57a5a743894a0e4a801fc3'),
('Art', 'Armita Yuliana, S.Pd', '978d7d6bde930f0fa9615627a15b2fc1', '21232f297a57a5a743894a0e4a801fc3'),
('Art.2', '-', '5d0ab9c2696cbd25f640349fb5a8be9d', '21232f297a57a5a743894a0e4a801fc3'),
('Bc', 'Buce Kawilarang, SE', '3926ef975192eaf6459b4c54dd6e2bf1', '21232f297a57a5a743894a0e4a801fc3'),
('Bsr', 'Basri. S.Pd', 'ce14721dd398fd3a86e91878a4da4b5a', '21232f297a57a5a743894a0e4a801fc3'),
('Bta', 'Hj. Beta Budiasri. SE', 'e341f1cbf3f2924b8a25ad5fa5f55e82', '21232f297a57a5a743894a0e4a801fc3'),
('Ctr', 'Tjatur Nugroho. Ssi', 'f9d48c4cbbbcd08ccedda62708d9c06c', '21232f297a57a5a743894a0e4a801fc3'),
('Dd', 'Didik Sudjanto, S.Pd', '419af6d362a14b7a789ba1c7e772bbae', '21232f297a57a5a743894a0e4a801fc3'),
('Dd.2', '-', 'b1eb45c5d024c1795e7e88ec1aaee5b0', '21232f297a57a5a743894a0e4a801fc3'),
('Ded', 'Dedy Jayadi, S.Sy', '8a998aa6ef4af3d0662ab8d62beb05dc', '21232f297a57a5a743894a0e4a801fc3'),
('Ded.2', '-', 'cbb1873f366c562bffa04ff863e14375', '21232f297a57a5a743894a0e4a801fc3'),
('Dian', 'Dian Solinda. S.Pd', 'd096dd8f02bdac9358a28bac34b42d3c', '21232f297a57a5a743894a0e4a801fc3'),
('Dt', 'Detta Pagisty Arthamaya', '2f2eed8f5763e849ad71fcc4dddaa33d', '21232f297a57a5a743894a0e4a801fc3'),
('Ely', 'Ely Sulistriana, M.Pd', '77bfc6e85bd8d14adb03079e8dc869fe', '21232f297a57a5a743894a0e4a801fc3'),
('End', 'Endah Budi Ningsih', '87557f11575c0ad78e4e28abedc13b6e', '21232f297a57a5a743894a0e4a801fc3'),
('Ety.1', 'Ety Suyeti. S.Pd', '57197a2f12b6ed1a3e549ce701361333', '21232f297a57a5a743894a0e4a801fc3'),
('Ety.2', '-', '1b0ce0a47b8cf5e5c825748796a5e9d2', '21232f297a57a5a743894a0e4a801fc3'),
('Eva', 'Eva Octaviani, SS', '67a2a324cb08c0b2f02d096eceee933b', '21232f297a57a5a743894a0e4a801fc3'),
('Fat', 'Fathia Ramandani, S.Pd', '4d09cd73aa61ce61d0219ffa9b9ebbad', '21232f297a57a5a743894a0e4a801fc3'),
('Feb', 'Febi Larasati, S.Pd', 'ea171d540ccd5f0669171ef06d3cd848', '21232f297a57a5a743894a0e4a801fc3'),
('Fg', 'Figiresinta Amalia', '2df793cbb87d76bab6bdd0f9f357e0fc', '21232f297a57a5a743894a0e4a801fc3'),
('Fjr', 'Fajri Islamiyanto. SPd', 'a15b3ade98b64faee41a088c28c7db9b', '21232f297a57a5a743894a0e4a801fc3'),
('Frs', 'Faris Ahmad, S.Pd', '9bed7bcbda1fa0a1d2d67e167b3ac4fe', '21232f297a57a5a743894a0e4a801fc3'),
('Fs', 'Febi Saskia, ', '8452d378bf672efdf824ff1bb4ea5d5c', '21232f297a57a5a743894a0e4a801fc3'),
('Gn', 'Gunawan Agung', '50e0189818ae3312ecdf24c740a369c7', '21232f297a57a5a743894a0e4a801fc3'),
('Han', 'Nur Handayani. S.Pd', 'd2ee71f1c4387b903a4e860165825d54', '21232f297a57a5a743894a0e4a801fc3'),
('Has', 'Hasan Basri. S.Ag. MM', '9f9913233699a4b67524eaac55a5f973', '21232f297a57a5a743894a0e4a801fc3'),
('Hr', 'Herlin Nur Indahsari', '08ee99e4c183670239a50ae73fcd39d6', '21232f297a57a5a743894a0e4a801fc3'),
('Hsn', 'Ir. M Husni Usman, MM', 'df68ad53c3c6a8f6258a11d18b253ddb', '21232f297a57a5a743894a0e4a801fc3'),
('Hsn.2', '-', 'aa48a73ea631b49bc31cd4437bd4ccf5', '21232f297a57a5a743894a0e4a801fc3'),
('Ind', 'Indra Panca H, S.Pd, MM', '96b61a88fbf8b9a8315e45928f987724', '21232f297a57a5a743894a0e4a801fc3'),
('Is', 'Isma Yulianto, SE', '27d4cf7da57f6748f79254f7be42cca3', '21232f297a57a5a743894a0e4a801fc3'),
('Ita', 'Ita Octaviani. S.Pd', '2d00d03f16d8f3679a0bb82709352f4f', '21232f297a57a5a743894a0e4a801fc3'),
('Ita.2', '-', '0ef410fa22ef76488296ffc1ba7b482c', '21232f297a57a5a743894a0e4a801fc3'),
('Kk', 'Kiki Herawati. S.Pd', 'cd81e03312df01f05cc795ff9a9dfb93', '21232f297a57a5a743894a0e4a801fc3'),
('Kk.2', '-', '3d47412c0d1368ac2fd204e2c11e2da2', '21232f297a57a5a743894a0e4a801fc3'),
('Kk.3', '-', '296106a5befe3690a82a378d213d71be', '21232f297a57a5a743894a0e4a801fc3'),
('Kk.4', '-', 'ac9194d8ca64123bb08e5b21f6693eeb', '21232f297a57a5a743894a0e4a801fc3'),
('Kk.5', '-', '4faeefe64707c9b5560fbf3489c60eb3', '21232f297a57a5a743894a0e4a801fc3'),
('kode', 'admin', '70375478134bc7187a0d5a0ffd59c283', '21232f297a57a5a743894a0e4a801fc3'),
('Kpr.1', 'Muhammad Kafrawi', 'a66931c6df3e2ce9decc15b0d9a95aaf', '21232f297a57a5a743894a0e4a801fc3'),
('Kpr.2', '-', '0b833f6a55c59774301d6b370a655335', '21232f297a57a5a743894a0e4a801fc3'),
('Kpr.3', '-', '690cb546e2a8cf06925befcc16cec6c8', '21232f297a57a5a743894a0e4a801fc3'),
('Ky', 'Kiky Rizky Amalia, S.Pd', 'c44f971f7da9909d81a6410e832170d3', '21232f297a57a5a743894a0e4a801fc3'),
('Ky.2', '-', '3c3fc078b14604bdb4eac902b6c25168', '21232f297a57a5a743894a0e4a801fc3'),
('Ltf', 'A. Latif. S.Ag', '22f061d45bee665fb3ef22e3c098651e', '21232f297a57a5a743894a0e4a801fc3'),
('Mdr', 'Muhdor, S.Pd', '2ed340b64e3303d9ac9eae51d073d3bf', '21232f297a57a5a743894a0e4a801fc3'),
('Mw', 'Mawaddatun', '6d0af56bf900c5eeb37caea737059dce', '21232f297a57a5a743894a0e4a801fc3'),
('Nia', 'Kurnia Mustiarti. M.Pd', '07e556728e29ff6dc6bf0042aaead2c5', '21232f297a57a5a743894a0e4a801fc3'),
('Nia.2', '-', 'f2b78b566ef2bc6e15f0397cb577b7c4', '21232f297a57a5a743894a0e4a801fc3'),
('Nik', 'Nikmaturofiqoh, SKM', 'f071fec731885b1f14571f9cab0d967b', '21232f297a57a5a743894a0e4a801fc3'),
('Nik.2', '-', '6054108f6531858e0f9ce90cb53afe30', '21232f297a57a5a743894a0e4a801fc3'),
('Nir', 'Nirsanto. MM', 'd162e8df28d94f227bfc3ee7efeea1fb', '21232f297a57a5a743894a0e4a801fc3'),
('Nn', 'Nuni Setiarmi. S.Pd', '40f7589e01141d438076d3611e4541ff', '21232f297a57a5a743894a0e4a801fc3'),
('Nrl.1', 'Nurul Hana, S.Pd', '5dfcab627854ac2521aae354c9c16bc2', '21232f297a57a5a743894a0e4a801fc3'),
('Nrl.2', '-', 'ee37affd2c78d478fff997424747c7af', '21232f297a57a5a743894a0e4a801fc3'),
('Nrl.3', '-', '3902683a0899104a36e3ece6c9fe9fd0', '21232f297a57a5a743894a0e4a801fc3'),
('Par', 'Paryati. SE', 'cb6c0944022191538e11ec9cbda20ab5', '21232f297a57a5a743894a0e4a801fc3'),
('Pr.1', 'Praktik ', '005bc6c8246118861444a9012e71e475', '21232f297a57a5a743894a0e4a801fc3'),
('Pr.2', 'Praktik ', 'ecceeb0ed1717f023fdee057f3a8a6c4', '21232f297a57a5a743894a0e4a801fc3'),
('Ptr', 'Putrianti', '165d3d525f6d0cbd55e42cc3058cafcc', '21232f297a57a5a743894a0e4a801fc3'),
('Ptr.2', '-', 'd0352b0fd2f889167c0f34377a4d8f4d', '21232f297a57a5a743894a0e4a801fc3'),
('Put', 'Septiana Putri Rahayu,S.Pd', 'd0bf1810982e9728fcf3ac444a015373', '21232f297a57a5a743894a0e4a801fc3'),
('Put.2', '-', '39fb557dea9bdb0552641c95ff6d79e1', '21232f297a57a5a743894a0e4a801fc3'),
('Put.3', '-', 'f0bfa103bd6d928aac350d88deedf7b8', '21232f297a57a5a743894a0e4a801fc3'),
('Rat', 'Ratna Suminar. S.Pd', 'ecd331596f91ddaac07c6e600ed166f1', '21232f297a57a5a743894a0e4a801fc3'),
('Red', 'Redi Diaz Setiadi. S.Pd', 'ee38e4d5dd68c4e440825018d549cb47', '21232f297a57a5a743894a0e4a801fc3'),
('Red.2', '-', '27025023f7bb4940f7486fd663b950e2', '21232f297a57a5a743894a0e4a801fc3'),
('Rhm', 'Rahma', 'ff3d8477940710db4aa8db0e11f42703', '21232f297a57a5a743894a0e4a801fc3'),
('Rin', 'Setyarini, Ssi, M.Farm Apt', '236fe879dd62a6a3981a6ff632138c1b', '21232f297a57a5a743894a0e4a801fc3'),
('Rin.2', '-', '3fa9d44bc3ee92825574cf8c2763426a', '21232f297a57a5a743894a0e4a801fc3'),
('Rn.1', 'Riana Haryundari. S.Pd', '915f4b59d61891b6ff303ea260667f1f', '21232f297a57a5a743894a0e4a801fc3'),
('Rn.2', '-', 'd146883a5e4a396f2cfc15bf95df54f0', '21232f297a57a5a743894a0e4a801fc3'),
('Rsd', 'Rusdiana. SKM', 'f9d6ceac0c0440d6dc9220a6dc05d123', '21232f297a57a5a743894a0e4a801fc3'),
('Rsd.2', '-', '0ac2e6f5c37a2616b5fd109f2646c415', '21232f297a57a5a743894a0e4a801fc3'),
('Rsl', 'Rusli Efendi, S.Ag', 'c2ddc23555d64a73a072878dd19af0c6', '21232f297a57a5a743894a0e4a801fc3'),
('Sant', 'Santy Widyasari, Ssi, Apt', '9f05cc3420a1f8fe42e40ac0162f592e', '21232f297a57a5a743894a0e4a801fc3'),
('Shr', 'Suharyanto. S.Pd', '62d46c46bc202d11509917085d5acd28', '21232f297a57a5a743894a0e4a801fc3'),
('Shr.2', '-', '19207a22b5c251cae5f1398685e47a3e', '21232f297a57a5a743894a0e4a801fc3'),
('Shr.3', '-', 'ed70f2455258beee2685177404fe301f', '21232f297a57a5a743894a0e4a801fc3'),
('Sra', 'admin', 'bbb80e5ace95728b99d1b5d348b36a77', '21232f297a57a5a743894a0e4a801fc3'),
('Sri', 'Sri Hastuti. S.Ag. S.Pd.I', '0284c8617cded6bf9788e4a6b743f815', '21232f297a57a5a743894a0e4a801fc3'),
('Srn', 'Surono. S.Sos. MM', 'e63b78e200ed76441e4b38327bef5060', '21232f297a57a5a743894a0e4a801fc3'),
('Ssn', 'Dwi Fitria Susanti,Ssi.Apt', '564eb9893fc9258bfed13687a93a0ff3', '21232f297a57a5a743894a0e4a801fc3'),
('Ssn.2', '-', 'ae24beb5807ed495bd568927234198b4', '21232f297a57a5a743894a0e4a801fc3'),
('Std', 'Sutardi. SE', 'dd6297cf0a9348c7ddec66f11eff1ea7', '21232f297a57a5a743894a0e4a801fc3'),
('Sw', 'Drs Suwanto. SE.MM', '1f030517f6d25e8607a2a9a7f6227ebc', '21232f297a57a5a743894a0e4a801fc3'),
('Swd', 'Suwandi. SE', '3deb691acb5111a2642bae72a5dbf89b', '21232f297a57a5a743894a0e4a801fc3'),
('Tlm.1', 'Guru Prod TLM', 'ce2efe05b7b6f42c92d9d45d3143763e', '21232f297a57a5a743894a0e4a801fc3'),
('Tlm.2', 'Guru Prod TLM', 'b2b024e2906dbfcb39b3d4260a63c881', '21232f297a57a5a743894a0e4a801fc3'),
('Tlm.3', 'Guru Prod TLM', '24b7f2de279dd4518a23333c18973a44', '21232f297a57a5a743894a0e4a801fc3'),
('Tlm.4', 'Guru Prod TLM', '70c01c3aee0e28cb21bb02e5127ff4d3', '21232f297a57a5a743894a0e4a801fc3'),
('Tls.1', 'Drs Tulus Sutanto', '59181f46dee64ab9641f9eca4226f6f0', '21232f297a57a5a743894a0e4a801fc3'),
('Tls.2', '-', '93c9409d11987302980500ca508cd422', '21232f297a57a5a743894a0e4a801fc3'),
('Tp', 'Tegar Prasetyo', '1f56ffeb9671bebce4998f79cfeeda8e', '21232f297a57a5a743894a0e4a801fc3'),
('Tp.2', '-', '2435bfe8b7fb47f760f91e39839a4263', '21232f297a57a5a743894a0e4a801fc3'),
('Ver', 'Veronica Cahyandari,S.Pd', '862fa4aeaf78f5d8d93612ed3a2fe631', '21232f297a57a5a743894a0e4a801fc3'),
('Yn.1', 'Yeni Ayu Rahmawati,S.Pd', 'ab2869938bd34fa9c92aca3939273958', '21232f297a57a5a743894a0e4a801fc3'),
('Yn.2', '-', 'bc73a5657f8ed4928a20bea4ac805d7a', '21232f297a57a5a743894a0e4a801fc3'),
('Yn.3', '-', '99d122c390d5cfd83207a7ea035ef487', '21232f297a57a5a743894a0e4a801fc3'),
('Yni', 'Yuni Kuriawati, S.pd', '087f01647364e91609e534d598923390', '21232f297a57a5a743894a0e4a801fc3'),
('Zet', 'Zeta Adha T', 'ee5a58b78187701cfcb5ee25b4324c71', '21232f297a57a5a743894a0e4a801fc3'),
('Zk', 'Ahmad Muzaki', '9b8d3f8153a873b9a47fbd6768c99c38', '21232f297a57a5a743894a0e4a801fc3');

-- --------------------------------------------------------

--
-- Table structure for table `tbl_jadwal`
--

CREATE TABLE `tbl_jadwal` (
  `id_jadwal` varchar(5) NOT NULL,
  `id_guru` varchar(12) NOT NULL,
  `id_kelas` varchar(50) NOT NULL,
  `id_mapel` varchar(5) NOT NULL
) ENGINE=InnoDB DEFAULT CHARSET=utf8mb4;

-- --------------------------------------------------------

--
-- Table structure for table `tbl_kelas`
--

CREATE TABLE `tbl_kelas` (
  `id_kelas` varchar(50) NOT NULL,
  `nama_kelas` varchar(50) NOT NULL,
  `tahun_ajaran` varchar(9) NOT NULL
) ENGINE=InnoDB DEFAULT CHARSET=utf8mb4;

--
-- Dumping data for table `tbl_kelas`
--

INSERT INTO `tbl_kelas` (`id_kelas`, `nama_kelas`, `tahun_ajaran`) VALUES
('K0001', 'X AK 1', '2019/2020'),
('K0002', 'X AK 2', '2019/2020'),
('K0010', 'X FK 1', '2019/2020'),
('K0011', 'X FK 2', '2019/2020'),
('K0017', 'X TKJ 1', '2019/2020'),
('K0018', 'X TKJ 2', '2019/2020'),
('K0019', 'X TKJ 3', '2019/2020'),
('K0007', 'X TLM', '2019/2020'),
('K0003', 'XI AK 1', '2019/2020'),
('K0004', 'XI AK 2', '2019/2020'),
('K0008', 'XI ANKES', '2019/2020'),
('K0012', 'XI FK 1', '2019/2020'),
('K0013', 'XI FK 2', '2019/2020'),
('K0020', 'XI TKJ 1', '2019/2020'),
('K0021', 'XI TKJ 2', '2019/2020'),
('K0022', 'XI TKJ 3', '2019/2020'),
('K0005', 'XII AK 1', '2019/2020'),
('K0006', 'XII AK 2', '2019/2020'),
('K0009', 'XII ANKES', '2019/2020'),
('K0014', 'XII FK 1', '2019/2020'),
('K0015', 'XII FK 2', '2019/2020'),
('K0016', 'XII FK 3', '2019/2020'),
('K0023', 'XII TKJ 1', '2019/2020'),
('K0024', 'XII TKJ 2', '2019/2020'),
('K0025', 'XII TKJ 3', '2019/2020');

-- --------------------------------------------------------

--
-- Table structure for table `tbl_mapel`
--

CREATE TABLE `tbl_mapel` (
  `id_mapel` varchar(5) NOT NULL,
  `nama_mapel` varchar(50) NOT NULL
) ENGINE=InnoDB DEFAULT CHARSET=utf8mb4;

--
-- Dumping data for table `tbl_mapel`
--

INSERT INTO `tbl_mapel` (`id_mapel`, `nama_mapel`) VALUES
('MP001', 'PAI '),
('MP002', 'Ekonomi dan Bisnis'),
('MP003', 'Seni Budaya'),
('MP004', 'Teori KWU'),
('MP005', 'Administrasi Farmasi'),
('MP006', 'Simulasi Apotek'),
('MP007', 'Bhs Inggris'),
('MP008', 'Dasar Perbankan'),
('MP009', 'Responsi'),
('MP010', 'Prod Kreatif & Kwu'),
('MP011', 'Pajak'),
('MP012', 'K3LH / IKM'),
('MP013', 'PPKn'),
('MP014', 'Sejarah Indonesia'),
('MP015', 'Bhs Sunda'),
('MP016', 'Administrasi Farmasi'),
('MP017', 'IPA'),
('MP018', 'Bhs Jepang'),
('MP019', 'UUK'),
('MP020', 'Farmakognosi'),
('MP021', 'Ilmu Resep'),
('MP022', 'Akuntansi Dasar'),
('MP023', 'Akuntansi Keuangan'),
('MP024', 'Fisika'),
('MP025', 'Pr. Produk Kreatif'),
('MP026', 'Kimia Organik'),
('MP027', 'Kimia Farmasi'),
('MP028', 'Kimia Dasar'),
('MP029', 'Bhs Indonesia'),
('MP030', 'Responsi'),
('MP031', 'Sejarah Indonesia'),
('MP032', 'Biologi'),
('MP033', 'Kimia Anorganik'),
('MP034', 'Ilmu Resep'),
('MP035', 'Simulasi Apotek'),
('MP036', 'Farmakologi'),
('MP037', 'Jaringan Dasar'),
('MP038', 'Bhs. Sunda'),
('MP039', 'Simulasi Digital'),
('MP040', 'Sistem Komputer'),
('MP041', 'Adm Umum'),
('MP042', 'Etika Profesi'),
('MP043', 'Produktif TKJ'),
('MP044', 'Simulasi Digital'),
('MP045', 'Spreedsheet'),
('MP046', 'Akuntansi Lembaga'),
('MP047', 'Myob'),
('MP048', 'PPKn'),
('MP049', 'PAI dan BP'),
('MP050', 'Prod Kreatif & Kwu'),
('MP051', 'BTQ'),
('MP052', 'Praktikum Akuntansi'),
('MP053', 'Penjaskes'),
('MP054', 'Patofisiologi'),
('MP055', 'Parasitologi'),
('MP056', 'Kimia Klinik'),
('MP057', 'Pr. Kimia Klinik'),
('MP058', 'Histologi'),
('MP059', 'Pr. Serologi'),
('MP060', 'Pr. Produk Kreatif'),
('MP061', 'Hematologi'),
('MP062', 'Laboratorium Dasar'),
('MP063', 'Agama Katolik'),
('MP064', 'Bhs Indonesia'),
('MP065', 'Pr. Produk Kreatif'),
('MP066', 'Penjaskes'),
('MP067', 'BTQ'),
('MP068', 'Produktif TKJ'),
('MP069', 'Desain Grafis'),
('MP070', 'Fisika'),
('MP071', 'Farmakognosi Dasar'),
('MP072', 'Praktikum Akuntansi'),
('MP073', 'Akuntansi Lembaga'),
('MP074', 'Komp Akuntansi'),
('MP075', 'Anatomi Fisiologi'),
('MP076', 'K3LH / IKM'),
('MP077', 'Adm Infs Jaringan'),
('MP078', 'Imunoserologi'),
('MP079', 'Farmakologi'),
('MP080', 'Farmakognosi Dasar'),
('MP081', 'Prak Kewirausahaan'),
('MP082', 'Praktik Resep'),
('MP083', 'Bahasa Indonesia'),
('MP084', 'Pr. Immunoserologi'),
('MP085', 'Pr. Parasitologi'),
('MP086', 'Pr. Hematologi'),
('MP087', 'Pr. Mikrobiologi');

-- --------------------------------------------------------

--
-- Table structure for table `tbl_murid`
--

CREATE TABLE `tbl_murid` (
  `id_murid` int(9) NOT NULL,
  `nama_murid` varchar(50) NOT NULL,
  `gender` set('L','P') NOT NULL
) ENGINE=InnoDB DEFAULT CHARSET=utf8mb4;

--
-- Dumping data for table `tbl_murid`
--

INSERT INTO `tbl_murid` (`id_murid`, `nama_murid`, `gender`) VALUES
(171810002, 'ABDURRAUF', 'L'),
(171810003, 'ABEL MAULUDIANTO', 'L'),
(171810004, 'ACHMAD SYAFRIL MAULANA', 'L'),
(171810005, 'ADAM MAULANA', 'L'),
(171810006, 'ADELIA DWI CAHYANI', 'P'),
(171810007, 'ADINDA NURRIDA BERLIANA', 'P'),
(171810008, 'ADIRA DINDA NURACHMAH', 'P'),
(171810009, 'ADITYA PRAMESWARA', 'L'),
(171810010, ' ADITYA PRIMA SAPUTRA', 'L'),
(171810011, 'ADJI SAKA ARDHANA', 'L'),
(171810012, 'AGIN FAHRIZAL', 'L'),
(171810013, 'AGRIANSYAH HIDAYAT', 'L'),
(171810014, ' AGUNG REZA VERGIAWAN', 'L'),
(171810016, 'AHISAL ADITIYA SUGIARTO', 'L'),
(171810017, 'AHMAD ABDILLAH', 'L'),
(171810018, 'AHMAD MAULANA', 'L'),
(171810020, 'AHMED YARHAN SULAIMAN', 'L'),
(171810021, 'AIGA AYU LESTARI', 'P'),
(171810022, 'AJENG BERLINA', 'P'),
(171810023, 'ALDAN AMANTO', 'L'),
(171810024, 'ALDI RINALDI', 'L'),
(171810025, 'ALDY DWI PRASETIYO', 'L'),
(171810026, 'ALFIAN DWI ADITYA', 'L'),
(171810027, 'ALFINA CITRA AMALIA', 'P'),
(171810028, 'ALIF FEBRIANSYAH', 'L'),
(171810029, 'ALIFA', 'P'),
(171810030, 'ALIFIA ARGANING PUTRI', 'P'),
(171810031, 'ALLYSA SEKAR RAMADHANTI', 'P'),
(171810032, 'ALSYADIRA ISCANTHIKA', 'P'),
(171810033, 'ALYA NURZAKIYAH', 'P'),
(171810034, 'AL ZAHRA NURKARIMAH', 'P'),
(171810035, 'AMALIA PUTRI KUSUMA WARDANI', 'P'),
(171810036, 'AMANDA KHAIRUNISSA', 'P'),
(171810037, 'ANANDA ZAHWA PRADHIKA', 'L'),
(171810039, 'ANDINA PUTRI FEBRIANTI', 'P'),
(171810040, 'ANDRI PRASETIO', 'L'),
(171810041, 'ANGGI SOFVITA', 'P'),
(171810042, 'ANGGITA KUMALA DEWI', 'P'),
(171810043, 'ANGGITA PUTRI KOESNADILA', 'P'),
(171810044, 'ANISA DWI PRATIWI', 'P'),
(171810045, 'ANISA PRAMESWARI PRAYIKNO PUTRI', 'P'),
(171810046, 'ANNA HAFIDIA ALFIDIANTI', 'P'),
(171810047, 'ANNISA DWI LESTARI', 'P'),
(171810048, 'ANNISA NUR KHOTIMAH', 'P'),
(171810050, 'ANYA NURPUSPA ARINI', 'P'),
(171810051, 'APRILIA DWI PUJI LESTARI', 'P'),
(171810052, 'ARDAN ALI HASBIYANSYAH', 'L'),
(171810053, 'ARINTA WIDI WIDIAWATI', 'P'),
(171810055, 'ARYA HADI WIJAYA', 'L'),
(171810056, 'ASRI ANANTA', 'P'),
(171810057, 'AS SAFFA NURUL MUSLIMAH', 'P'),
(171810058, 'ASYIFA TURRAHMA', 'P'),
(171810059, 'AUDIA NURINTAN', 'P'),
(171810060, 'AWALIYAH EMHARI', 'P'),
(171810062, 'AYU DINARIA WIDAJITA', 'P'),
(171810064, 'AZIZAH MEILIA PUTRI', 'P'),
(171810065, 'BAGAN ARDI PRATAMA', 'L'),
(171810066, 'BAGAS HADI SAPUTRA', 'L'),
(171810067, 'BAGAS ICHWAN PRASETYO', 'L'),
(171810068, 'BAYU AGUSTIAN', 'L'),
(171810069, 'BERNADETA TAFIFA WINANTI RAHADET', 'P'),
(171810070, 'BERNARDUS GEORGE EDWARD', 'L'),
(171810071, 'BILLAL BISMA MUKTI', 'L'),
(171810075, 'CHERRY WENDINA SALSABILAH', 'P'),
(171810076, 'CHIKA DEVA ERLIN', 'P'),
(171810077, 'CHUSNUL KHOTIMAH', 'P'),
(171810078, 'CLAUDIA OCTAVIARI SENOAJI', 'P'),
(171810079, 'DAFFA ALIF HARDANDY', 'L'),
(171810080, 'DANIL DWI SAPUTRA', 'L'),
(171810081, 'DANISA OKTAVIONA', 'P'),
(171810082, 'DARA WIRDHA SEPHIA RANI', 'P'),
(171810083, 'DELLA CAHYA SARI SAPUTRI', 'P'),
(171810084, 'DESI NURTITA', 'P'),
(171810085, 'DESTRI KAMARATIH', 'P'),
(171810086, 'DHANI KURNIA RAMDANI', 'L'),
(171810087, 'DHIVA MAHARANI SUBANDONO', 'P'),
(171810089, 'DINA PRAMESTI', 'P'),
(171810090, 'DINI AFRAELIN SUCIATI', 'P'),
(171810091, 'DINI OCTAVIANI', 'P'),
(171810092, 'DITA DWI SAPUTRI', 'P'),
(171810093, 'DITA HANUM', 'P'),
(171810094, 'DJIHAN RADIKA SAPUTRI', 'P'),
(171810095, 'DURROH', 'P'),
(171810096, 'EFRIDA KIRANA SEPTIANI', 'P'),
(171810097, 'EKA PRAMUDITA', 'P'),
(171810098, 'ELVINA MELIANTI', 'P'),
(171810099, 'ELFIRA ENDRIANI MAULANA', 'P'),
(171810100, 'ELSA MARIA', 'P'),
(171810101, 'ELSANTY SALMA', 'P'),
(171810102, 'ERLIANA NOVRIANSYAH', 'P'),
(171810103, 'ETTU SANTRIANTO', 'L'),
(171810105, 'FADLAN RIVALDI ADRIAN', 'L'),
(171810106, 'FADLY PRAMUDITHA RAMADHAN', 'L'),
(171810108, 'FAHLEVI AKBAR', 'L'),
(171810109, 'FAHREZI', 'L'),
(171810110, 'FAQIH APRILIAN', 'L'),
(171810111, 'FARID MUHARI', 'L'),
(171810112, 'FARIN ANDINA', 'P'),
(171810113, 'FATHAN RIZKI FEBRIAN', 'L'),
(171810114, 'FATIMAH AZ ZAHRA THALIA SYAFIQ', 'P'),
(171810115, 'FAUZIYYAH KHALISHAH', 'P'),
(171810116, 'FENI ANANDA', 'P'),
(171810117, 'FIFI SUPRIATI NINGRUM', 'P'),
(171810118, 'FIRIAAL ALYAA ZULFAA', 'P'),
(171810120, 'FITRIYANI ANGGRAINI', 'P'),
(171810121, 'GETAR BUANA NUSANTARA', 'L'),
(171810122, 'GUNTUR DWI SAPUTRO', 'L'),
(171810123, 'GUSTI BAGAS IBRAHIM', 'L'),
(171810124, 'HAIDER ALI MANILET', 'L'),
(171810125, 'HANNA MALIK PRAMONO', 'P'),
(171810126, 'HASHIFA MAIVA AMANDA', 'P'),
(171810127, 'HAURA DIVA', 'P'),
(171810128, 'HEASTY DIANA SARI', 'P'),
(171810129, 'HENDRA JANU PRASETIO', 'L'),
(171810131, 'HESTI ALIYAH UTAMI', 'P'),
(171810132, 'ICHSAN RUSTIANSYACH YUSUF', 'L'),
(171810133, 'IHSAN RAMDANI FAHDA', 'L'),
(171810134, 'IKA PUSPITASARI', 'P'),
(171810135, 'IKHWAN NURROHMAN', 'L'),
(171810136, 'ILYAS NURMANSYAH PRATAMA', 'L'),
(171810137, 'IMAM AKBAR AS-SYAUQI', 'L'),
(171810138, 'INTAN PERMATA LIATALLA', 'P'),
(171810139, 'IQBAL DWI FEBRIANTO', 'L'),
(171810140, 'IRNA NUR DWIYANTI', 'P'),
(171810141, 'ISMALIA FATIMAH RAHMI', 'P'),
(171810142, 'ISTI NURHASANAH', 'P'),
(171810143, 'IVAN FIRMANSYAH SUTANDI', 'L'),
(171810144, 'IZZY RIZKY JOHAN', 'L'),
(171810145, 'JANITA WULAN KUSUMO', 'P'),
(171810146, 'JIHAN SHABIRAH SEPTIA FASYA', 'P'),
(171810147, 'JORDAN JOEL SALAINTI', 'L'),
(171810148, 'KAISYA MAHARANI', 'P'),
(171810149, 'KAYLA MAHARANI ANUAR', 'P'),
(171810150, 'KELVIN AGUSTI GANI', 'L'),
(171810151, 'KHALILAH SEFRIYANE', 'P'),
(171810152, 'KHASMIRA ANJANI', 'P'),
(171810154, 'KISWANTO DANU TRIYAS', 'L'),
(171810155, 'LAILA SYAHBAN CHAIRANI', 'P'),
(171810156, 'LIVIA LESTARI', 'P'),
(171810157, 'MUHAMAD ABIZAR AKBAR', 'L'),
(171810158, 'M. AGUS PRIANTO', 'L'),
(171810159, 'MUHAMMAD AINUR RAMADHAN', 'L'),
(171810160, 'MUHAMMAD ALIF LUTHAN', 'L'),
(171810161, 'MUHAMAD APRIL MAULANA SYAIFULOH', 'L'),
(171810162, 'MUHAMMAD FAHRI ALAMSYAH', 'L'),
(171810163, 'MUHAMMAD FARHAN SUBAGIO', 'L'),
(171810164, 'MUHAMMAD FAWWAZ DERMAWAN HARSA', 'L'),
(171810165, 'MUHAMAD FIKRIYANSYAH', 'L'),
(171810166, 'MUHAMMAD HAFIZH NAWAWI', 'L'),
(171810167, 'MUHAMMAD INDRA TAUFIQURRAHMAN', 'L'),
(171810168, 'MOHAMMAD NAUFAL GAIZKA RAJABI', 'L'),
(171810169, 'MUHAMMAD RIZKY ANANDA', 'L'),
(171810170, 'MUHAMMAD THARIQ AKBAR', 'L'),
(171810171, 'MUHAMMAD VHIJAR RAINALDANNY ', 'L'),
(171810173, 'MUHAMMAD SULTAN NAUFAL SIDIQ', 'L'),
(171810174, 'MALIKA FITRIA AZZAHRA', 'P'),
(171810175, 'MARCELLA AYU PERMATASARI', 'P'),
(171810176, 'MASYKUR AULIA MEURAKSA', 'L'),
(171810177, 'MAULANA TRI NAUFANDHIARY', 'L'),
(171810178, 'MOHAMMAD RAKEL FARDAN', 'L'),
(171810179, 'MUFLIHAH KAMILA', 'P'),
(171810180, 'MUHAMAD HERMAWAN', 'L'),
(171810181, 'MUHAMAD SAHRUL', 'L'),
(171810182, 'MUHAMAD ZAGIE ROHMANSYAH', 'L'),
(171810183, 'MUHAMMAD ALIF FADHILLAH', 'L'),
(171810184, 'MUHAMMAD FIKRI', 'L'),
(171810185, 'MUHAMMAD MIFTAHUR ROZAK', 'L'),
(171810186, 'MUHAMMAD RAIHAN CRYSPO ARIANTO', 'L'),
(171810187, 'MUHAMMAD RIRIS RIZQI SHADELA', 'L'),
(171810188, 'MUHAMMAD RIZQI', 'L'),
(171810189, 'MUHAMMAD SEBASTIAN NOFIT', 'L'),
(171810190, 'MUHAMMAD WENDY KURNIAWAN', 'L'),
(171810191, 'MUKTI NUGRAHENI', 'P'),
(171810192, 'MUSTOFA ACHMAD', 'L'),
(171810193, 'MUTHIYA MAULIDA RAHMAH', 'P'),
(171810194, 'MUTIARA ANDINI', 'P'),
(171810195, 'MUTIARA DEWI', 'P'),
(171810196, 'NABILLA DWI LESTARI', 'P'),
(171810197, 'NABILA NURUL ZAHRO', 'P'),
(171810198, 'NABILA TRISNAVIA', 'P'),
(171810199, 'NABILLAH', 'P'),
(171810200, 'NABILLAH HIROBAH', 'P'),
(171810201, 'NADIA MAULIA ABIDIN', 'P'),
(171810202, 'NADIFA SHELMA', 'P'),
(171810204, 'NANDA VALENTINA SURYA', 'L'),
(171810205, 'NATASYA KAMILA', 'P'),
(171810206, 'NILTA SANIYYAH', 'P'),
(171810207, 'NISSA GUSTIFA NUR UTAMI', 'P'),
(171810208, 'NITTA ANGRAINI', 'P'),
(171810209, 'NOVI SUMIATI', 'P'),
(171810210, 'NOVIE WIDIANA PUTRI', 'P'),
(171810211, 'NOVITA ARDESINDO', 'P'),
(171810212, 'NUR AINI', 'P'),
(171810213, 'NUR ASHFIA ZULFAA', 'P'),
(171810214, 'NUR FAJRHIATI', 'P'),
(171810215, 'NURFADHILAH SYAIFUL BAKHRI', 'L'),
(171810216, 'NUR NITA SYAMSIAH', 'P'),
(171810217, 'OVI ANJELIA SARI', 'P'),
(171810218, 'PANJER RAHINO', 'L'),
(171810219, 'PEDRO JOSEPH TJANG HUNGAN', 'L'),
(171810220, 'PRIZA WULAN SAWITRI', 'P'),
(171810221, 'PUTRI NURAINI', 'P'),
(171810222, 'PUTRI SAFITRI MULYANI', 'P'),
(171810223, 'QORRY INTAN MARCELLIYANTHI', 'P'),
(171810224, 'RAFLY TOFIK HIDAYAT', 'L'),
(171810225, 'RAGILANG GUMANTRI MANUSSOBRI', 'L'),
(171810226, 'RAISAL MUHAMMAD FADILAH', 'L'),
(171810227, 'RAKA ALIF FIRDAUS', 'L'),
(171810228, 'RAMADHAN FAUZI', 'L'),
(171810229, 'RANGGA SAPUTRA ABAS', 'L'),
(171810230, 'RANTI FAUZIAH', 'P'),
(171810231, 'RAYA CAHYA KAMILAH', 'P'),
(171810232, 'RAYI ALIF FIRDAUS', 'L'),
(171810233, 'REFFA ARYA PUTRA', 'L'),
(171810234, 'REYHANSYAH', 'L'),
(171810235, 'RENA WIDO SARI', 'P'),
(171810236, 'RENDY PUTRA INDRAWAN', 'L'),
(171810237, 'RIDDHO FADLY PRADANA', 'L'),
(171810238, 'RIDHO FAUZI GRAFIKA', 'L'),
(171810239, 'RIFQI FADHLURRAHMAN', 'L'),
(171810241, 'RINALDI WIRYA', 'L'),
(171810242, 'RINDIANI INTAN KIRANA', 'P'),
(171810243, 'RISA SEPHIALAROS SETIAWAN', 'P'),
(171810244, 'RISMA BULKIS  BRIMANINGRUM', 'P'),
(171810245, 'RIZKA MUNZILAH', 'P'),
(171810246, 'RIZKI CHAIRUL F', 'L'),
(171810247, 'RIZKY GUMILANG', 'L'),
(171810248, 'RIZQA AMELIA PUTRI', 'P'),
(171810249, 'ROYHAN NAIM', 'L'),
(171810250, 'SAFINATUN NAZAH', 'P'),
(171810251, 'SALMA AMALIA', 'P'),
(171810252, 'SALSABILA ELYSIA ASTUTI', 'P'),
(171810253, 'SANTIKA PERMATASARI', 'P'),
(171810254, 'SECILLIA DELLA SAFITRI', 'P'),
(171810255, 'SELVY MUTIARA RINI', 'P'),
(171810256, 'SEPTIKA PUTRI MAUDINA', 'P'),
(171810257, 'SEVERLY AZZAHRA PUTRI YONIA ARIFIN', 'P'),
(171810258, 'SITI FARRANIA HANIFAH HAFI', 'P'),
(171810259, 'SITI MARATUS SHOLIHAH', 'P'),
(171810260, 'SITI MURSINAH', 'P'),
(171810261, 'SOPIA THERESSA LUMBAN TOBING', 'P'),
(171810262, 'SUCI INDAH SARI', 'P'),
(171810263, 'SUTANTO TRI WIBOWO', 'L'),
(171810264, 'SYAHRUL RAFSANJANI', 'L'),
(171810265, 'TASYA AULIA', 'P'),
(171810266, 'TASYA PERMATA SARI', 'P'),
(171810267, 'TASYA PUTRI SHABILLA', 'P'),
(171810268, 'TEDDY PUTRA ADE PRATAMA', 'L'),
(171810269, 'TEGAR GANA PUTRA SETIAWAN', 'L'),
(171810270, 'TEGUH BAGUS SUPRIYADI', 'L'),
(171810272, 'TIARA DAISY PURNAMASARI', 'P'),
(171810273, 'TIARA PRISHILA', 'P'),
(171810274, 'TIURMA REHULINA KAROSEKALI', 'P'),
(171810275, 'TYAS FAJRIN', 'P'),
(171810276, 'URAY DINGTABELLA ASFARYAS', 'P'),
(171810277, 'URAY KANIA DESITA', 'P'),
(171810278, 'VADIA SEPTIANI SALSABIL', 'P'),
(171810279, 'VALEN VERNANDA VAUZI', 'L'),
(171810280, 'WAHYU PRIHANTORO', 'L'),
(171810281, 'WAN NUR AFIFAH', 'P'),
(171810282, 'WIDHI RAHMA WATI', 'P'),
(171810283, 'YUSRIL NUR SAPUTRA', 'L'),
(171810284, 'ZAHRA SALSABILA RAHMAN', 'P'),
(171810285, 'ZALFA MAHARANI', 'P'),
(171810286, 'ZIDAN ERDIANSYAH', 'L'),
(171810287, 'ZULFIKAR BELLA ALI', 'L'),
(181910001, 'ABDUL MUKTI NP', 'L'),
(181910002, 'ABIMANYU ARYA B.', 'L'),
(181910003, 'ADAM FAHLEVI', 'L'),
(181910004, 'ADAM YUDIANSYAH', 'L'),
(181910005, 'ADDILA PUTRI S.', 'P'),
(181910006, 'ADELIA AZZAHRA SUMARDHASIH', 'P'),
(181910007, 'ADELIA DEFITRI', 'P'),
(181910008, 'ADELIA DWI ANGGREANI', 'P'),
(181910009, 'ADINDA SALSABILA ABADI', 'P'),
(181910010, 'ADIRA SITI SALWA', 'P'),
(181910011, 'ADITYA H.', 'L'),
(181910012, 'AELSYA DESTIANTI', 'P'),
(181910013, 'AGNA PUTRI DESTARI', 'P'),
(181910014, 'AHMAD MALIK FAJAR', 'L'),
(181910015, 'AHMAD MUZAKKI', 'L'),
(181910016, 'AHMAD RIFAI', 'L'),
(181910017, 'AISYAH NOVIALIF HARNIA', 'P'),
(181910018, 'AKMAL HAFIDZ', 'L'),
(181910020, 'ALIF AFZAL', 'L'),
(181910021, 'ALIKA FAUZIAH', 'P'),
(181910022, 'ALIZAH RAMADHAN', 'P'),
(181910023, 'AMELIA MITA DEWANTI', 'P'),
(181910024, 'AMELIA VEGA JULIANA PAKPAHAN', 'P'),
(181910025, 'ANDI PRASETYO', 'L'),
(181910026, 'ANDIKA AHMAD ZARDIN', 'L'),
(181910027, 'ANDINI WINDA KHAIRANI', 'P'),
(181910028, 'ANDREAN PUTRA S.', 'L'),
(181910029, 'ANGGORO BAYU P.', 'L'),
(181910030, 'ANGGRAINI PUTRI W.N.', 'P'),
(181910031, 'ANISSA MARWITASARI', 'P'),
(181910032, 'ANISSA VADYA S.', 'P'),
(181910033, 'ANNISA MUSLIMAH', 'P'),
(181910034, 'ARDIA HARYU ANSELA', 'P'),
(181910035, 'ARDYA ARZAHRIN', 'P'),
(181910036, 'ARDYAN DWI HERLAMBANG', 'L'),
(181910037, 'ARIA ROMADON', 'L'),
(181910038, 'ARSA FADILLAH', 'L'),
(181910039, 'ARYA VICKY IBRAHIM', 'L'),
(181910040, 'ASTRI WIDYA ASTUTI', 'P'),
(181910041, 'AULIA PUTRI MAHARANI', 'P'),
(181910042, 'AYU PUSPITA', 'P'),
(181910043, 'AZRIEL FIDZLIE', 'L'),
(181910044, 'BAGAS CATUR PUTRANTO', 'L'),
(181910045, 'BAYU MUSTAFA', 'L'),
(181910046, 'BELLA ADILANG', 'P'),
(181910047, 'BINTANG', 'L'),
(181910048, 'BINTANG DAMA SUTENDY', 'L'),
(181910049, 'BUDHI UTOMO N.', 'L'),
(181910050, 'BUNGA SIGI SHERENA', 'P'),
(181910051, 'CELSI ANGGUN SEPTIYA', 'P'),
(181910052, 'CINTHIA SYAFIRA DARMAWAN', 'P'),
(181910053, 'DAFFA BAGUS R.', 'L'),
(181910054, 'DAHLIA PUSPA PRATIWI', 'P'),
(181910055, 'DEDE IHSAN', 'L'),
(181910056, 'DELLA OKTAVIANI SP', 'P'),
(181910057, 'DELLANITA FRILLYA', 'P'),
(181910058, 'DELVA ROUZA MARVIANDA', 'P'),
(181910059, 'DESI SAPITRI', 'P'),
(181910060, 'DESTI FITRIANI', 'P'),
(181910061, 'DESWITA NAZWA SHALSABILA', 'P'),
(181910062, 'DEVI APRILLIA', 'P'),
(181910063, 'DIFA NABILA M.', 'P'),
(181910064, 'DIKA FAHMI', 'L'),
(181910065, 'DILA CITRA', 'P'),
(181910066, 'DIMAS AGIL WAHYUDI', 'L'),
(181910067, 'DIMAS KURNIAWAN', 'L'),
(181910068, 'DIO YOHANES SIMBOLON', 'L'),
(181910069, 'DIVA URMILA', 'P'),
(181910071, 'DWI NURLAELA', 'P'),
(181910072, 'EGA SATYA MAHARDIKA', 'L'),
(181910073, 'EKO HARIYANTO', 'L'),
(181910074, 'ENDAH PUTRI SOLEHAH', 'P'),
(181910075, 'ERFINA JUNIAWATI', 'P'),
(181910076, 'ERIKA MUTIARA PUTRI', 'P'),
(181910077, 'FAHRUL ARDIANSYAH', 'L'),
(181910078, 'FAHRY SYAHPUTRA', 'L'),
(181910079, 'FARIDAH KHALISTA INDRASWARI', 'P'),
(181910080, 'FATMAH SABILLA', 'P'),
(181910081, 'FEBBY KATMASARI', 'P'),
(181910082, 'FELISYA NAILA', 'P'),
(181910083, 'FIFI DWI CAHYANI', 'P'),
(181910084, 'FIKRI HIDAYAT KURNIAWAN', 'L'),
(181910085, 'FITRI KHOIRUNISA', 'P'),
(181910086, 'FRISELIA NAZLA QANITA', 'P'),
(181910087, 'GADIS OKTAVIANA', 'P'),
(181910088, 'GANA GITA MAWARNI', 'P'),
(181910089, 'GEDE TEGAR PUTRA PRATAMA', 'L'),
(181910090, 'GHALY ALFARIZKY', 'L'),
(181910091, 'GHEFIRA NUR FATIMAH', 'P'),
(181910092, 'GHINA LARASATI', 'P'),
(181910093, 'GLADIS JULIETA EFENDI', 'P'),
(181910094, 'GLADYS THEODORA PRICILLIA SINURAYA', 'P'),
(181910095, 'HAFIZ ISMAIL', 'L'),
(181910096, 'HANY MAULIZA', 'P'),
(181910097, 'HILDA OKTAVIA', 'P'),
(181910098, 'HUDZAIFAH AHMAD T.', 'L'),
(181910099, 'I PUTU RYAN N.P.S', 'L'),
(181910101, 'IHZA MAHENDRA', 'L'),
(181910102, 'IKMAL NURKHALIS', 'L'),
(181910103, 'ILHAN MANSIZ', 'L'),
(181910104, 'ILUN RAAFI SEPTIAN', 'L'),
(181910105, 'IMELDA SALIM', 'P'),
(181910106, 'INDRI GUNAWAN', 'P'),
(181910107, 'INNAYAH MARDA HT', 'P'),
(181910109, 'INTAN PUSPITA SARI', 'P'),
(181910110, 'IRFAN JANWAR', 'L'),
(181910111, 'IRWANSYAH', 'L'),
(181910112, 'IZA AMELIA PUTRI', 'P'),
(181910113, 'JASMINE NABILLA', 'P'),
(181910114, 'JASON BAGAS PUTRA', 'L'),
(181910115, 'JELANG BINTANG', 'L'),
(181910116, 'JULIAN IKSAN PRATAMA', 'L'),
(181910117, 'JUNIATI LEGIANA ZULKARNAIN', 'P'),
(181910118, 'KEISHA ANANDA Y.', 'P'),
(181910119, 'KEMAL ADIBY', 'L'),
(181910120, 'KEVIN ADRIANTO', 'L'),
(181910121, 'KHANSA ADIBYA', 'P'),
(181910122, 'KHANSA AZIZAH', 'P'),
(181910123, 'KHANZA SYARLA PUTRI ALIFIE', 'P'),
(181910124, 'KIKI NANDA KIRANI', 'P'),
(181910125, 'KRISTIN ADE JULIA ANANDA', 'P'),
(181910126, 'LAELATUL KHIQMAH', 'P'),
(181910128, 'LIFIA RAHMA', 'P'),
(181910129, 'LINDA ASTUTI', 'P'),
(181910130, 'LISA LAWU ANGGRAINI', 'P'),
(181910131, 'LULU SYAHARANI', 'P'),
(181910132, 'M. FAJAR RAMADHAN', 'L'),
(181910133, 'M. HANSYAH UTAMA', 'L'),
(181910134, 'M. ILYAS R.', 'L'),
(181910135, 'M. ILYASSA SAAD', 'L'),
(181910136, 'M. NUR FADILLAH', 'L'),
(181910137, 'M. RAFI SUGIANTO', 'L'),
(181910138, 'M. RAIHAN RIADHI', 'L'),
(181910139, 'M. RAMADHAN PUTRA', 'L'),
(181910140, 'M. SYAHRUL RAMADAN', 'L'),
(181910141, 'M. WAHID ALFARIBI', 'L'),
(181910142, 'M. RAIHAN PRATAMA', 'L'),
(181910143, 'M. WAHID ARDIANSYAH', 'L'),
(181910144, 'MARINI RAHMAWATI', 'P'),
(181910145, 'MARSHANDA MUTIARA AZZAHRA', 'P'),
(181910146, 'MAULANA ARY SAPUTRA', 'L'),
(181910147, 'MAULANA RIDWAN', 'L'),
(181910148, 'MAULANA YUSUF', 'L'),
(181910149, 'MAULIDA ADIVA LISTIANTI', 'P'),
(181910150, 'MAULIDA HASANAH', 'P'),
(181910151, 'MAULIDYA APRIYANI', 'P'),
(181910152, 'MELANIA NATALIA OKTAVIANA', 'P'),
(181910153, 'MELLA KATERINA', 'P'),
(181910154, 'MIFTACHUL IKHSAN', 'L'),
(181910155, 'MILA PAUJIAH', 'P'),
(181910156, 'MOH. RAFLI APRILIANSAH', 'L'),
(181910157, 'MUFLIHAH MAHIRATUS SILMA', 'P'),
(181910158, 'MUH. RAGHIB AR-RAZZAQ', 'L'),
(181910159, 'MUHAMAD ALIF ZAINUL ARIFIN', 'L'),
(181910160, 'MUHAMAD HAFIZ AZHARI', 'L'),
(181910161, 'MUHAMAD IKHWAN HABIBIE', 'L'),
(181910162, 'MUHAMMAD ABDUL DZABAR', 'L'),
(181910163, 'MUHAMMAD ALBANI ILHAM', 'L'),
(181910164, 'MUHAMMAD ALIF KHUZAIFI', 'L'),
(181910165, 'MUHAMMAD APRIAN', 'L'),
(181910166, 'MUHAMMAD AQIL FAYYAH', 'L'),
(181910168, 'MUHAMMAD GALIH', 'L'),
(181910169, 'MUHAMMAD RIVAN AZRIAL', 'L'),
(181910170, 'MUHAMMAD RIZAL JUNIAWAN', 'L'),
(181910171, 'MUHAMMAD TAUFIK HIDAYAT', 'L'),
(181910172, 'MUTHIARA RAHMANZA', 'P'),
(181910173, 'MUTIARA RAMANDHA', 'P'),
(181910174, 'NABILA NISA AZZAHRA', 'P'),
(181910175, 'NABILA RAMDANI PUTRI', 'P'),
(181910176, 'NADHILA', 'P'),
(181910177, 'NADHIRA SALSABILA', 'P'),
(181910178, 'NADIYA WULANDARI', 'P'),
(181910179, 'NAILA MUNTAHA', 'P'),
(181910180, 'NAILANI DIAH HANDAYANI', 'P'),
(181910181, 'NANDA FITRIANI', 'P'),
(181910182, 'NANDIRA ADHA PUTRI', 'P'),
(181910183, 'NATASYA VEREN TIMISELA', 'P'),
(181910184, 'NATHALIA DESYANTA HUTAURUK', 'P'),
(181910185, 'NAWIRA ABUBAKAR', 'P'),
(181910186, 'NAZWA AULIA KHANIA', 'P'),
(181910187, 'NEOVAL IHKA M.', 'L'),
(181910188, 'NETY UGI LESTARI', 'P'),
(181910189, 'NISA HANIFAH', 'P'),
(181910190, 'NISRINA ARISTAWATI N.', 'P'),
(181910191, 'NOFILA MAYA PUSPITASARI', 'P'),
(181910192, 'NUR HIKMAH', 'P'),
(181910194, 'PRAMESWARI ARVA PUTRI', 'P'),
(181910195, 'PUSPA PUSPITA SARI', 'P'),
(181910196, 'PUTRI BINTANG JULIANTI', 'P'),
(181910197, 'PUTRI INDAH LESTARI', 'P'),
(181910198, 'PUTRI KHAULIKA RIZKY', 'P'),
(181910199, 'PUTRI NOVIA RAHMAYANDA', 'P'),
(181910200, 'RAFIZA ARRAIHAN', 'L'),
(181910201, 'RAHELIA ADELAINE', 'P'),
(181910202, 'RAHIMA SHINTIAS', 'P'),
(181910203, 'RAHMALIA PUTRI', 'P'),
(181910204, 'RAHMELIA PUTRI', 'P'),
(181910205, 'RAYYA DEAS RABBANI', 'L'),
(181910206, 'REFI MAWARDI HAMI', 'L'),
(181910207, 'REGHINA SYIFA AZZAHRA', 'P'),
(181910208, 'REGITA CAHYA PERTIWI', 'P'),
(181910209, 'REINHARD STEVEN THEOFILUS G.', 'L'),
(181910210, 'RIAN ASEP MAULANA', 'L'),
(181910211, 'RIFAN MAULANA', 'L'),
(181910212, 'RIFDA HUMAYRA', 'P'),
(181910213, 'RIFKAH ALICIA NUR SABILA', 'P'),
(181910214, 'RIFKY ADRIANSYAH', 'L'),
(181910215, 'RIKA NOVITA IRSYADI', 'P'),
(181910216, 'RIVALDI OCTAMIZAL SUSANTO', 'L'),
(181910217, 'RIYAN SABILLY LADI AL QODRI', 'L'),
(181910218, 'RIZKI MAULANA', 'L'),
(181910219, 'RIZKY APRILLA WIDYADHANA', 'P'),
(181910220, 'ROBBY MAULANA IHSAN', 'L'),
(181910221, 'ROBBY ROSIYANDA', 'L'),
(181910222, 'RULLY PUJO S.', 'L'),
(181910223, 'SABANI SAFINATUN NAJAH KHOLIFAH', 'P'),
(181910224, 'SAIDA KHOFIFA', 'P'),
(181910225, 'SAIFUL JAELANI', 'L'),
(181910226, 'SALSA NABILA HASANAH', 'P'),
(181910227, 'SALSABILA UDZRI', 'P'),
(181910228, 'SALWA NAFIZA ZAHRAH', 'P'),
(181910229, 'SALWA PUTRI ARDITA', 'P'),
(181910230, 'SARAH NADIYA FITRI', 'P'),
(181910231, 'SARYFAHTUL AINI', 'P'),
(181910232, 'SASKIA ADINDA PUTRI', 'P'),
(181910233, 'SASKIA NAYLAH SUTISNA', 'P'),
(181910234, 'SATRIA INDRA PUTRA', 'L'),
(181910235, 'SEMESTA M. AGUNG', 'L'),
(181910236, 'SEPTI MUNAWAROH', 'P'),
(181910237, 'SEPTIAN WAHYU JATI SAPUTRO', 'L'),
(181910238, 'SHAKA BIMA ARIYANANDA', 'L'),
(181910239, 'SHAKILLA DWI ASTUTI', 'P'),
(181910240, 'SHAKINAH NABILAH AZHARA', 'P'),
(181910241, 'SHALSHABILA SHAFA', 'P'),
(181910242, 'SHEILA MAHARANI', 'P'),
(181910243, 'SHIFA FAUZIA R.', 'P'),
(181910244, 'SIFA NURANI', 'P'),
(181910245, 'SIFFA AMANDA', 'P'),
(181910246, 'SIGIT BUDIYANTO', 'L'),
(181910247, 'SINTA SRI DELVI', 'P'),
(181910248, 'SOPANDI WIJAYA', 'L'),
(181910249, 'STEFFANY NURJANAH BATUBARA', 'P'),
(181910250, 'SURYA ALRIZQI JULIANTO', 'L'),
(181910251, 'SYAHARANI DITHA PUTRI', 'P'),
(181910252, 'TRI DIASTUTI', 'P'),
(181910253, 'TUBAGUS HAMDANI', 'L'),
(181910255, 'VICTORIA T. LUMAKEKI', 'P'),
(181910256, 'VIOLETA A DASILVA', 'P'),
(181910257, 'WAHYU TRISNA WARDANA', 'L'),
(181910258, 'WANDA SEPTIANINGSIH', 'P'),
(181910259, 'WARDANI DWI NUGROHO', 'L'),
(181910260, 'WIDIA YULITA S.', 'P'),
(181910261, 'WISNU CAHAYA UTAMA', 'L'),
(181910262, 'YEMIMA AGRESIA ESTER', 'P'),
(181910263, 'YESSICA ALFIANTI KUSUMAWARDHANI', 'P'),
(181910264, 'YOGA TEGAR PANGGALIH', 'L'),
(181910265, 'ZAHRA LUTFUNNISA', 'P'),
(181910266, 'ZAINUR ROFI', 'L'),
(181910267, 'ZIKRI YASIR ASHARI', 'L'),
(181910268, 'ZUBAIR ADNAN A.', 'L'),
(192010001, 'ABDURAHIM HUSEIN', 'L'),
(192010002, 'ABELIA AUDY SYAHBANIA', 'P'),
(192010003, ' ABELLIA RENATA', 'P'),
(192010004, 'ADAM JALILUL AKBAR', 'L'),
(192010005, ' ADE FRISHA KURNIA SARY', 'P'),
(192010006, 'ADE HERLINA', 'P'),
(192010007, 'ADITYA NUR BAHAR', 'L'),
(192010008, 'ADHITYA WARMAN', 'L'),
(192010009, 'AFRIZA DIENASTITI', 'P'),
(192010010, ' AGNES NASTASYA KOROWA', 'P'),
(192010011, ' AGNES PRISCILLA', 'P'),
(192010012, 'AISYAH YULIANTI', 'P'),
(192010013, ' AJENG SINTHIA DEWI', 'P'),
(192010014, 'AKMAL KHOZAINULLAH NASHA', 'L'),
(192010015, ' ALIATUL KHASANAH', 'P'),
(192010016, 'ALIFA ARDANA', 'P'),
(192010017, ' ALIYAH PUTRINA SATUM', 'P'),
(192010018, 'ALKNA BAGAS FACHREZY', 'L'),
(192010019, 'ALVITA NURLIANI', 'P'),
(192010020, 'ALYA NURJAJILA', 'P'),
(192010021, 'AMELIA PERMATA ASMI', 'P'),
(192010022, 'ANANDA INDRIYANI', 'P'),
(192010023, 'ANARGYA DIZA HANAFI', 'P'),
(192010024, 'ANDIKA ARYA PUTRA DINAR', 'L'),
(192010025, 'ANGGA SAPUTRA', 'L'),
(192010026, 'ANISA RASHEEDA PRABANINGRUM', 'P'),
(192010027, 'ANNISA', 'P'),
(192010028, 'ANNISA TRIANANDA SETIANI', 'P'),
(192010029, 'ANWAR HANIFAH', 'L'),
(192010030, 'ARBITIO BAGAS UTOMO', 'L'),
(192010031, 'ARDAN WARDANA PANGESTU', 'L'),
(192010032, 'ATHA FADLILAH PUTRA', 'L'),
(192010033, 'ATHAYA SASKIA GUNASYAH', 'P'),
(192010034, 'AURA CAHYA BERLIAN', 'P'),
(192010035, 'AWALUDIN', 'L'),
(192010036, 'AZKIYA MITAWI LEPA', 'P'),
(192010037, 'BINTANG PAMUNGKAS', 'L'),
(192010038, 'BINTANG PATRA ARYA TRIPUTRA', 'L'),
(192010039, 'BRAIN ARDIANSYAH', 'L'),
(192010040, ' BULAN PANCARANI', 'P'),
(192010041, 'CHIKA ALIFYA SYAIKA', 'P'),
(192010042, 'CHRISTALVI NANDA PUTRI ODU', 'P'),
(192010043, 'CINDI DEWANI', 'P'),
(192010044, 'CINDY AULIA NURIANDY', 'P'),
(192010045, ' CINDY WIDYA NINGRUM', 'P'),
(192010046, 'CITRA AMELIA SILITONGA', 'P'),
(192010047, 'DAMAR YUDHA ARYO WIJAKSONO', 'L'),
(192010048, 'DEHANDIKA PRATAMA', 'L'),
(192010049, 'DELLA FARISTIAGORE', 'P'),
(192010050, 'DELLA OKTAVIA', 'P'),
(192010051, 'DEMAS NOOR ARKANANTA', 'L'),
(192010052, 'DENNY SAPUTRA', 'L'),
(192010053, 'DESIYANA YOGI UMMAY SYAROH', 'P'),
(192010054, 'DESTRIA SHERYLLIANTHA', 'P'),
(192010055, 'DEWI NOVITASARI', 'P'),
(192010056, 'DHEREN ALKAHFI TARIGAN', 'L'),
(192010057, 'DIMAS PRAYOGA', 'L'),
(192010058, 'DINO', 'L'),
(192010059, 'DIVA LARASATI', 'P'),
(192010060, 'DIYAH AYU SEPTIANNI', 'P'),
(192010061, 'DIYAS PRAMUDITA', 'P'),
(192010062, 'DWI CAHYO KARTIKO', 'L'),
(192010063, 'DWI SRI ASTUTI', 'P'),
(192010064, 'ELY LAMA SABATANI RUMAWAK', 'P'),
(192010065, 'ERIKA SINTIA AMELIANA', 'P'),
(192010066, 'ERVINA KURNIAWATI', 'P'),
(192010067, 'ETTA ZUNITA', 'P'),
(192010068, 'EVELYN JAVIER GASDILO', 'P'),
(192010069, 'FACHRI DZULRAHMANTO', 'L'),
(192010070, 'FAIZAL AHMAD', 'L'),
(192010071, 'FANY APRILIANI SHAFIRA', 'P'),
(192010072, 'FATHWA NURILLAH AZIZAH', 'P'),
(192010073, 'FAUZIAH AULIA MUHARROM', 'P'),
(192010074, 'FEBIOLA PERMATA SARI', 'P'),
(192010075, 'FEBRIAWAN ALFARIDZI', 'L'),
(192010076, 'FEBRINA YANTI BR GURUSINGA', 'P'),
(192010077, 'FEBRY CAHYA PRATAMA', 'L'),
(192010078, 'FELISHA DWI NOVIYANTI', 'P'),
(192010079, 'FELIX DALU TELUMA', 'L'),
(192010080, 'FIRDAH FAULANI', 'P'),
(192010081, 'FITA DWI VINANDA', 'P'),
(192010082, 'FITRI', 'P'),
(192010083, 'FITRI AFRIANI', 'P'),
(192010084, 'FITRI WULAN SARI', 'P'),
(192010085, 'GHAITSA SYIFA MAHARANI', 'P'),
(192010086, 'GHINA ALYA ZAKIYYAH', 'P'),
(192010087, 'GUNTUR PRASETYA', 'L'),
(192010088, 'HAFIAH SALMA', 'P'),
(192010089, 'HAFIZHOTUL UMMAH', 'P'),
(192010090, 'HAIKAL ARDANI FADILLAH', 'L'),
(192010091, 'HANIF FATIH AZZAM', 'L'),
(192010092, 'HANNA AULIA ASHARI', 'P'),
(192010093, 'HARNUM RATNASARI', 'P'),
(192010094, 'HILMA SITI SARAH', 'P'),
(192010095, 'HILMI ADI PRASETYA', 'L'),
(192010096, 'HISNA PUTRI AWANI', 'P'),
(192010097, 'IMELDA AZZAHRA', 'P'),
(192010098, 'INNAYA CAHYA RIANI', 'P'),
(192010099, 'INTAN PERMATASARI', 'P'),
(192010100, 'JABAL THARIQ AL GHIFARI', 'L'),
(192010101, 'JEANPUTRI AZHARA', 'P'),
(192010102, 'JIMMI MARTIN', 'L'),
(192010103, 'KADEK AYU ADNYANI PUTRI', 'P'),
(192010104, 'KARMILA APRILIANI', 'P'),
(192010105, 'KELVIN PUTRA EKA LINKA', 'L'),
(192010106, 'KHAIRUL FADILAH', 'L'),
(192010107, 'KHOLIFAH ANNAFIAH OCTAVIANI', 'P'),
(192010108, 'KUNCORO JATI', 'L'),
(192010109, 'LAILA ANINDYA RAMADHANTI', 'P'),
(192010110, 'LAYLA DAMAYANTI', 'P'),
(192010111, 'LENISA AFRIANA', 'P'),
(192010112, 'MARISA', 'P'),
(192010113, 'MELLANI CANDRA OCTAVIANTI', 'P'),
(192010114, 'MOCHAMAD ALVIAN FIRANSYAH', 'L'),
(192010115, 'MOCHAMAD DEVANO MAHENDRA', 'L'),
(192010116, 'MOHAMMAD RIZKI', 'L'),
(192010117, 'MUCHAMAD ZAINURI', 'L'),
(192010118, 'MUFLIH ABDURRAHMAN', 'L'),
(192010119, 'MUHAMAD SAIFUL ANAM', 'L'),
(192010120, 'MUHAMAD SYIFAN FEBRIYANSYAH', 'L'),
(192010121, 'MUHAMMAD ALFAN RIDHO', 'L'),
(192010122, 'MUHAMMAD BAYU PRAYOGO', 'L'),
(192010123, 'MUHAMMAD DAFFA RIZMAWAN HARAHAP', 'L'),
(192010124, 'MUHAMMAD FADHLAN', 'L'),
(192010125, 'MUHAMMAD FARIZ ARZAD', 'L'),
(192010126, 'MUHAMMAD FIKRI RAMADHAN', 'L'),
(192010127, 'MUHAMMAD HASAN SYADZILI', 'L'),
(192010128, 'MUHAMMAD IVANO HASRI', 'L'),
(192010129, 'MUHAMMAD RAFLI', 'L'),
(192010130, 'MUHAMMAD RAFLI SUYAKA BINTORO', 'L'),
(192010131, 'MUHAMMAD RAIHAN SYAHBANI', 'L'),
(192010132, 'MUHAMMAD SAIPUL BAHRI', 'L'),
(192010133, 'MUHAMMAD WILDAN', 'L'),
(192010134, 'MUHAMMAD WILDAN DZAHKI', 'L'),
(192010135, 'MUHAMMAD ZAKI ADAM', 'L'),
(192010136, 'MUTIA RATNA DILLA', 'P'),
(192010137, 'NANDA FELISA  ENGGAR JATI', 'P'),
(192010138, 'NASYWA RAFAEL NAJWAN', 'L'),
(192010139, 'NAYLA KAAMILAH', 'P'),
(192010140, 'NAZIFA AMALIA', 'P'),
(192010141, 'NAZMA NUR SABRINA', 'P'),
(192010142, 'NAZMI RAMADHAN', 'L'),
(192010143, 'NICO GHAZA ARDIAN', 'L'),
(192010144, 'NIKEN PRATIWI', 'P'),
(192010145, 'NISA TRI CAHYANI', 'P'),
(192010146, 'NISRINA GLEDYS RINDU AFFANDRI', 'P'),
(192010147, 'NITA DWI ANJANI', 'P'),
(192010148, 'NUR ASTAFAL FADLI', 'L'),
(192010149, 'NUR FITRI LESTARI', 'P'),
(192010150, 'NURIL LABIBAH FAKIH', 'L'),
(192010151, 'NURUL AMELIA', 'P'),
(192010152, 'NUTFAHTUL JANNAH WAHYUDI', 'P'),
(192010153, 'OILA OKTORA', 'P'),
(192010154, 'PANDU BRATA', 'L'),
(192010155, 'PRASETYO NUGROHO', 'L'),
(192010156, 'PRIA WULAN YONITA', 'P'),
(192010157, 'PUPUT EKA SAPUTRI', 'P'),
(192010158, 'PUSPA NURRAMADHANTY', 'P'),
(192010159, 'PUTRA NUGRAHA', 'L'),
(192010160, 'PUTRI AMELIA', 'P'),
(192010161, 'PUTRI RAZYKA KUSUMA WARDANI', 'P'),
(192010162, 'PUTRI YUNIAR NUR RIZKI', 'P'),
(192010163, 'RACHEL FATIMA', 'P'),
(192010164, 'RAFLI RANDA RAMADHAN', 'L'),
(192010165, 'RAGIL KASA PUTRA', 'L'),
(192010166, 'RAHMAH NUR AZIZAH', 'P'),
(192010167, 'RAISSA AMANI APRILIA', 'P'),
(192010168, 'RATRI AJAR HANDINI', 'P'),
(192010169, 'RAVVA ANGGANA RAFIF SAJIDA', 'L'),
(192010170, 'RAYA YAUMIL FADILLAH', 'L'),
(192010171, 'REFITA MARDIANTI', 'P'),
(192010172, 'RENZA LINA', 'P'),
(192010173, 'RETNO DWI NARTIKA', 'P'),
(192010174, 'REVINA AZIZAH HUSAINI', 'P'),
(192010175, 'REVKI DWI GUSTIANO', 'L'),
(192010176, 'RIANDI SAPUTRA', 'L'),
(192010177, 'RIO ADI SAPUTRO', 'L'),
(192010178, 'RISKA JOVITA PRATAMA', 'P'),
(192010179, 'RISKI DWI RAMADHAN', 'L'),
(192010180, 'RISQI SETIAWAN', 'L'),
(192010181, 'RISVANA CAVIN IRLANSAH', 'L'),
(192010182, 'RIZAL AFRIANTO', 'L'),
(192010183, 'RIZKI ARDIANSYAH', 'L'),
(192010184, 'RIZKY ELSAPUTRA', 'L'),
(192010185, 'RIZKY RAMADAN', 'L'),
(192010186, 'ROSIAWATI', 'P'),
(192010187, 'RYAN SURYA SAPUTRA', 'L'),
(192010188, 'SAFINAH ANNAJAH', 'P'),
(192010189, 'SAFIRA RISKI YABA', 'P'),
(192010190, 'SAKIA FATIMA ZAHRA', 'P'),
(192010191, 'SAKILA FATIMA ZAHRA', 'P'),
(192010192, 'SALMA DIYAANAH', 'P'),
(192010193, 'SALSABILA ', 'P'),
(192010194, 'SALWA DESWITA', 'P'),
(192010195, 'SANDRINA YASSIANO', 'P'),
(192010196, 'SELISHA DWI SEPTIA PUTRI', 'P'),
(192010197, 'SELVIA YULIANTI', 'P'),
(192010198, 'SEPTIANI KURNIA PUTRI', 'P'),
(192010199, 'SETIA DWI LAKSONO', 'L'),
(192010200, 'SHAFIRA KHALIDAZIA AZ-ZAHRA', 'P'),
(192010201, 'SHARLA SALVADINITA SOLEH', 'P'),
(192010202, 'SHERINA CHINTA ANDRIANI', 'P'),
(192010203, 'SIGIT ARIYANTO', 'L'),
(192010204, 'SILVY WIDIASTUTI HANDAYANI', 'P'),
(192010205, 'SITI ALYA RAMADHAN', 'P'),
(192010206, 'SITI MAISA RAHMAH', 'P'),
(192010207, 'SITI MAULIDAH', 'P'),
(192010208, 'SITI NAABILA \'AISY', 'P'),
(192010209, 'SITI RIZKIYAH RAHMAN', 'P'),
(192010210, 'SITI ROHMANI', 'P'),
(192010211, 'SITI ZAHARA', 'P'),
(192010212, 'STEFANUS LEO DWIYANTO', 'L'),
(192010213, 'STEVEN HENGKY WIJAYA', 'L'),
(192010214, 'SUKUFA MUTHOHAROH', 'P'),
(192010215, 'SYAFIRA ANNISA', 'P'),
(192010216, 'SYAHRIL RAKA S.', 'L'),
(192010217, 'SYAHRU RAMADHAN', 'L'),
(192010218, 'SYAVIRA OKTAVIA', 'P'),
(192010219, 'TAUFIQURROHMAN', 'L'),
(192010220, 'TEGAR AJI ADHANI', 'L'),
(192010221, 'THALIA MUTIARA DILA', 'P'),
(192010222, 'THALITA SALSABILA WIBOWO', 'P'),
(192010223, 'TINTA OKTAVIANTI', 'P'),
(192010224, 'TRIA MAULIDA SARI', 'P'),
(192010225, 'TRIANA WAHYUNINGRUM', 'P'),
(192010226, 'VENTI NUR HALIZAH', 'P'),
(192010227, 'VIMLA ALIFIA RAHMAN', 'P'),
(192010228, 'WAHYU DWI LESTARI', 'P'),
(192010229, 'WAHYU PRATAMA', 'L'),
(192010230, 'WIDI PRAYITNO', 'L'),
(192010231, 'WINDIA APRIL ALIANI', 'P'),
(192010232, 'WISNU NUGROHO', 'L'),
(192010233, 'WULAN APRIL ALIANA', 'P'),
(192010234, 'WYNNA NUR SAPUTRI', 'P'),
(192010235, 'YENVI', 'P'),
(192010236, 'YOHANA MARGARETA JOSIDA', 'P'),
(192010237, 'YUNIA SEPTIA NINGSIH', 'P'),
(192010238, 'ZAFY FIRJATULLOH', 'L'),
(192010239, 'ZAKIA GALUH ILAHINISA JUWANTO', 'P');

-- --------------------------------------------------------

--
-- Table structure for table `tbl_recordmurid`
--

CREATE TABLE `tbl_recordmurid` (
  `id_kelas` varchar(50) NOT NULL,
  `id_murid` int(9) NOT NULL
) ENGINE=InnoDB DEFAULT CHARSET=utf8mb4;

--
-- Dumping data for table `tbl_recordmurid`
--

INSERT INTO `tbl_recordmurid` (`id_kelas`, `id_murid`) VALUES
('K0001', 192010003),
('K0001', 192010005),
('K0001', 192010010),
('K0001', 192010011),
('K0001', 192010013),
('K0001', 192010015),
('K0001', 192010017),
('K0001', 192010040),
('K0001', 192010045),
('K0001', 192010053),
('K0001', 192010055),
('K0001', 192010065),
('K0001', 192010081),
('K0001', 192010083),
('K0001', 192010092),
('K0001', 192010093),
('K0001', 192010094),
('K0001', 192010097),
('K0001', 192010107),
('K0001', 192010112),
('K0001', 192010140),
('K0001', 192010142),
('K0001', 192010155),
('K0001', 192010160),
('K0001', 192010173),
('K0001', 192010174),
('K0001', 192010186),
('K0001', 192010189),
('K0001', 192010190),
('K0001', 192010191),
('K0001', 192010192),
('K0001', 192010193),
('K0001', 192010194),
('K0001', 192010216),
('K0001', 192010233),
('K0001', 192010234),
('K0001', 192010235),
('K0002', 192010019),
('K0002', 192010021),
('K0002', 192010027),
('K0002', 192010028),
('K0002', 192010034),
('K0002', 192010036),
('K0002', 192010046),
('K0002', 192010047),
('K0002', 192010061),
('K0002', 192010063),
('K0002', 192010067),
('K0002', 192010074),
('K0002', 192010076),
('K0002', 192010085),
('K0002', 192010089),
('K0002', 192010099),
('K0002', 192010103),
('K0002', 192010104),
('K0002', 192010144),
('K0002', 192010146),
('K0002', 192010151),
('K0002', 192010153),
('K0002', 192010161),
('K0002', 192010163),
('K0002', 192010175),
('K0002', 192010176),
('K0002', 192010181),
('K0002', 192010195),
('K0002', 192010200),
('K0002', 192010201),
('K0002', 192010206),
('K0002', 192010208),
('K0002', 192010214),
('K0002', 192010226),
('K0002', 192010228),
('K0002', 192010231),
('K0003', 181910008),
('K0003', 181910033),
('K0003', 181910035),
('K0003', 181910052),
('K0003', 181910057),
('K0003', 181910059),
('K0003', 181910071),
('K0003', 181910083),
('K0003', 181910089),
('K0003', 181910093),
('K0003', 181910109),
('K0003', 181910125),
('K0003', 181910130),
('K0003', 181910151),
('K0003', 181910153),
('K0003', 181910155),
('K0003', 181910166),
('K0003', 181910173),
('K0003', 181910178),
('K0003', 181910182),
('K0003', 181910187),
('K0003', 181910197),
('K0003', 181910201),
('K0003', 181910204),
('K0003', 181910208),
('K0003', 181910217),
('K0003', 181910226),
('K0003', 181910231),
('K0003', 181910237),
('K0003', 181910241),
('K0003', 181910248),
('K0003', 181910252),
('K0003', 181910255),
('K0004', 181910013),
('K0004', 181910054),
('K0004', 181910065),
('K0004', 181910076),
('K0004', 181910078),
('K0004', 181910079),
('K0004', 181910085),
('K0004', 181910086),
('K0004', 181910092),
('K0004', 181910096),
('K0004', 181910106),
('K0004', 181910126),
('K0004', 181910144),
('K0004', 181910145),
('K0004', 181910150),
('K0004', 181910160),
('K0004', 181910163),
('K0004', 181910168),
('K0004', 181910175),
('K0004', 181910180),
('K0004', 181910183),
('K0004', 181910188),
('K0004', 181910189),
('K0004', 181910198),
('K0004', 181910214),
('K0004', 181910219),
('K0004', 181910223),
('K0004', 181910227),
('K0004', 181910230),
('K0004', 181910244),
('K0004', 181910245),
('K0004', 181910251),
('K0004', 181910262),
('K0005', 171810022),
('K0005', 171810032),
('K0005', 171810034),
('K0005', 171810044),
('K0005', 171810050),
('K0005', 171810062),
('K0005', 171810079),
('K0005', 171810091),
('K0005', 171810101),
('K0005', 171810110),
('K0005', 171810115),
('K0005', 171810117),
('K0005', 171810125),
('K0005', 171810127),
('K0005', 171810154),
('K0005', 171810188),
('K0005', 171810205),
('K0005', 171810207),
('K0005', 171810208),
('K0005', 171810209),
('K0005', 171810221),
('K0005', 171810250),
('K0005', 171810255),
('K0005', 171810258),
('K0005', 171810273),
('K0005', 171810274),
('K0005', 171810276),
('K0006', 171810008),
('K0006', 171810009),
('K0006', 171810012),
('K0006', 171810027),
('K0006', 171810043),
('K0006', 171810057),
('K0006', 171810075),
('K0006', 171810081),
('K0006', 171810098),
('K0006', 171810114),
('K0006', 171810124),
('K0006', 171810141),
('K0006', 171810145),
('K0006', 171810152),
('K0006', 171810195),
('K0006', 171810196),
('K0006', 171810210),
('K0006', 171810215),
('K0006', 171810220),
('K0006', 171810224),
('K0006', 171810230),
('K0006', 171810231),
('K0006', 171810235),
('K0006', 171810251),
('K0006', 171810254),
('K0006', 171810265),
('K0006', 171810282),
('K0007', 192010002),
('K0007', 192010023),
('K0007', 192010050),
('K0007', 192010054),
('K0007', 192010078),
('K0007', 192010082),
('K0007', 192010111),
('K0007', 192010114),
('K0007', 192010137),
('K0007', 192010152),
('K0007', 192010157),
('K0007', 192010167),
('K0007', 192010168),
('K0007', 192010172),
('K0007', 192010196),
('K0007', 192010198),
('K0007', 192010215),
('K0007', 192010225),
('K0008', 181910009),
('K0008', 181910021),
('K0008', 181910034),
('K0008', 181910048),
('K0008', 181910051),
('K0008', 181910058),
('K0008', 181910060),
('K0008', 181910063),
('K0008', 181910087),
('K0008', 181910094),
('K0008', 181910097),
('K0008', 181910116),
('K0008', 181910117),
('K0008', 181910122),
('K0008', 181910124),
('K0008', 181910131),
('K0008', 181910149),
('K0008', 181910156),
('K0008', 181910174),
('K0008', 181910176),
('K0008', 181910179),
('K0008', 181910191),
('K0008', 181910192),
('K0008', 181910195),
('K0008', 181910202),
('K0008', 181910203),
('K0008', 181910212),
('K0008', 181910224),
('K0008', 181910228),
('K0008', 181910229),
('K0008', 181910234),
('K0008', 181910236),
('K0008', 181910239),
('K0008', 181910247),
('K0008', 181910249),
('K0009', 171810006),
('K0009', 171810035),
('K0009', 171810036),
('K0009', 171810047),
('K0009', 171810060),
('K0009', 171810070),
('K0009', 171810078),
('K0009', 171810089),
('K0009', 171810100),
('K0009', 171810102),
('K0009', 171810126),
('K0009', 171810138),
('K0009', 171810151),
('K0009', 171810156),
('K0009', 171810179),
('K0009', 171810191),
('K0009', 171810194),
('K0009', 171810198),
('K0009', 171810213),
('K0009', 171810214),
('K0009', 171810222),
('K0009', 171810226),
('K0009', 171810248),
('K0009', 171810267),
('K0009', 171810277),
('K0010', 192010006),
('K0010', 192010009),
('K0010', 192010012),
('K0010', 192010016),
('K0010', 192010041),
('K0010', 192010049),
('K0010', 192010059),
('K0010', 192010064),
('K0010', 192010071),
('K0010', 192010072),
('K0010', 192010073),
('K0010', 192010086),
('K0010', 192010098),
('K0010', 192010101),
('K0010', 192010110),
('K0010', 192010124),
('K0010', 192010125),
('K0010', 192010141),
('K0010', 192010145),
('K0010', 192010158),
('K0010', 192010162),
('K0010', 192010178),
('K0010', 192010188),
('K0010', 192010197),
('K0010', 192010210),
('K0010', 192010211),
('K0010', 192010221),
('K0010', 192010236),
('K0010', 192010239),
('K0011', 192010020),
('K0011', 192010022),
('K0011', 192010026),
('K0011', 192010043),
('K0011', 192010044),
('K0011', 192010060),
('K0011', 192010066),
('K0011', 192010068),
('K0011', 192010080),
('K0011', 192010084),
('K0011', 192010088),
('K0011', 192010096),
('K0011', 192010102),
('K0011', 192010109),
('K0011', 192010113),
('K0011', 192010136),
('K0011', 192010139),
('K0011', 192010147),
('K0011', 192010156),
('K0011', 192010166),
('K0011', 192010171),
('K0011', 192010202),
('K0011', 192010205),
('K0011', 192010207),
('K0011', 192010223),
('K0011', 192010227),
('K0011', 192010237),
('K0011', 192010238),
('K0012', 181910005),
('K0012', 181910007),
('K0012', 181910011),
('K0012', 181910012),
('K0012', 181910017),
('K0012', 181910023),
('K0012', 181910030),
('K0012', 181910032),
('K0012', 181910037),
('K0012', 181910042),
('K0012', 181910046),
('K0012', 181910050),
('K0012', 181910074),
('K0012', 181910075),
('K0012', 181910080),
('K0012', 181910082),
('K0012', 181910084),
('K0012', 181910088),
('K0012', 181910091),
('K0012', 181910105),
('K0012', 181910107),
('K0012', 181910113),
('K0012', 181910121),
('K0012', 181910157),
('K0012', 181910177),
('K0012', 181910186),
('K0012', 181910194),
('K0012', 181910196),
('K0012', 181910209),
('K0012', 181910232),
('K0012', 181910240),
('K0012', 181910243),
('K0012', 181910258),
('K0012', 181910263),
('K0012', 181910265),
('K0013', 181910006),
('K0013', 181910010),
('K0013', 181910015),
('K0013', 181910018),
('K0013', 181910022),
('K0013', 181910024),
('K0013', 181910027),
('K0013', 181910031),
('K0013', 181910040),
('K0013', 181910041),
('K0013', 181910056),
('K0013', 181910061),
('K0013', 181910062),
('K0013', 181910069),
('K0013', 181910081),
('K0013', 181910112),
('K0013', 181910118),
('K0013', 181910123),
('K0013', 181910128),
('K0013', 181910129),
('K0013', 181910152),
('K0013', 181910164),
('K0013', 181910172),
('K0013', 181910181),
('K0013', 181910185),
('K0013', 181910190),
('K0013', 181910199),
('K0013', 181910207),
('K0013', 181910213),
('K0013', 181910215),
('K0013', 181910233),
('K0013', 181910235),
('K0013', 181910242),
('K0013', 181910256),
('K0013', 181910260),
('K0014', 171810004),
('K0014', 171810021),
('K0014', 171810029),
('K0014', 171810041),
('K0014', 171810042),
('K0014', 171810045),
('K0014', 171810046),
('K0014', 171810058),
('K0014', 171810059),
('K0014', 171810076),
('K0014', 171810082),
('K0014', 171810083),
('K0014', 171810084),
('K0014', 171810085),
('K0014', 171810096),
('K0014', 171810099),
('K0014', 171810118),
('K0014', 171810120),
('K0014', 171810142),
('K0014', 171810170),
('K0014', 171810186),
('K0014', 171810193),
('K0014', 171810199),
('K0014', 171810206),
('K0014', 171810249),
('K0014', 171810260),
('K0014', 171810261),
('K0014', 171810285),
('K0015', 171810030),
('K0015', 171810031),
('K0015', 171810033),
('K0015', 171810039),
('K0015', 171810048),
('K0015', 171810051),
('K0015', 171810064),
('K0015', 171810069),
('K0015', 171810077),
('K0015', 171810093),
('K0015', 171810094),
('K0015', 171810097),
('K0015', 171810112),
('K0015', 171810116),
('K0015', 171810140),
('K0015', 171810169),
('K0015', 171810190),
('K0015', 171810197),
('K0015', 171810212),
('K0015', 171810216),
('K0015', 171810259),
('K0015', 171810262),
('K0015', 171810270),
('K0015', 171810272),
('K0015', 171810275),
('K0015', 171810278),
('K0015', 171810284),
('K0016', 171810002),
('K0016', 171810007),
('K0016', 171810056),
('K0016', 171810087),
('K0016', 171810090),
('K0016', 171810092),
('K0016', 171810095),
('K0016', 171810128),
('K0016', 171810134),
('K0016', 171810146),
('K0016', 171810174),
('K0016', 171810175),
('K0016', 171810200),
('K0016', 171810211),
('K0016', 171810217),
('K0016', 171810223),
('K0016', 171810242),
('K0016', 171810243),
('K0016', 171810244),
('K0016', 171810245),
('K0016', 171810246),
('K0016', 171810252),
('K0016', 171810253),
('K0016', 171810256),
('K0016', 171810257),
('K0016', 171810263),
('K0016', 171810266),
('K0016', 171810281),
('K0017', 192010001),
('K0017', 192010004),
('K0017', 192010007),
('K0017', 192010008),
('K0017', 192010014),
('K0017', 192010038),
('K0017', 192010042),
('K0017', 192010048),
('K0017', 192010069),
('K0017', 192010087),
('K0017', 192010090),
('K0017', 192010106),
('K0017', 192010115),
('K0017', 192010116),
('K0017', 192010117),
('K0017', 192010118),
('K0017', 192010120),
('K0017', 192010126),
('K0017', 192010138),
('K0017', 192010143),
('K0017', 192010159),
('K0017', 192010164),
('K0017', 192010165),
('K0017', 192010169),
('K0017', 192010170),
('K0017', 192010204),
('K0017', 192010209),
('K0017', 192010219),
('K0017', 192010220),
('K0017', 192010230),
('K0018', 192010018),
('K0018', 192010024),
('K0018', 192010025),
('K0018', 192010029),
('K0018', 192010030),
('K0018', 192010039),
('K0018', 192010051),
('K0018', 192010052),
('K0018', 192010056),
('K0018', 192010070),
('K0018', 192010075),
('K0018', 192010091),
('K0018', 192010108),
('K0018', 192010121),
('K0018', 192010122),
('K0018', 192010123),
('K0018', 192010127),
('K0018', 192010128),
('K0018', 192010132),
('K0018', 192010148),
('K0018', 192010149),
('K0018', 192010177),
('K0018', 192010179),
('K0018', 192010180),
('K0018', 192010182),
('K0018', 192010199),
('K0018', 192010203),
('K0018', 192010217),
('K0018', 192010218),
('K0018', 192010222),
('K0018', 192010229),
('K0019', 192010031),
('K0019', 192010032),
('K0019', 192010033),
('K0019', 192010035),
('K0019', 192010037),
('K0019', 192010057),
('K0019', 192010058),
('K0019', 192010062),
('K0019', 192010077),
('K0019', 192010079),
('K0019', 192010095),
('K0019', 192010100),
('K0019', 192010105),
('K0019', 192010119),
('K0019', 192010129),
('K0019', 192010130),
('K0019', 192010131),
('K0019', 192010133),
('K0019', 192010134),
('K0019', 192010135),
('K0019', 192010150),
('K0019', 192010154),
('K0019', 192010183),
('K0019', 192010184),
('K0019', 192010185),
('K0019', 192010187),
('K0019', 192010212),
('K0019', 192010213),
('K0019', 192010224),
('K0019', 192010232),
('K0020', 181910004),
('K0020', 181910026),
('K0020', 181910028),
('K0020', 181910036),
('K0020', 181910038),
('K0020', 181910043),
('K0020', 181910044),
('K0020', 181910045),
('K0020', 181910047),
('K0020', 181910049),
('K0020', 181910053),
('K0020', 181910055),
('K0020', 181910064),
('K0020', 181910067),
('K0020', 181910090),
('K0020', 181910102),
('K0020', 181910104),
('K0020', 181910114),
('K0020', 181910115),
('K0020', 181910119),
('K0020', 181910138),
('K0020', 181910146),
('K0020', 181910200),
('K0020', 181910211),
('K0020', 181910216),
('K0020', 181910218),
('K0020', 181910220),
('K0020', 181910264),
('K0020', 181910267),
('K0020', 181910268),
('K0021', 181910002),
('K0021', 181910014),
('K0021', 181910016),
('K0021', 181910025),
('K0021', 181910029),
('K0021', 181910039),
('K0021', 181910068),
('K0021', 181910072),
('K0021', 181910101),
('K0021', 181910111),
('K0021', 181910133),
('K0021', 181910134),
('K0021', 181910135),
('K0021', 181910136),
('K0021', 181910139),
('K0021', 181910141),
('K0021', 181910142),
('K0021', 181910147),
('K0021', 181910148),
('K0021', 181910159),
('K0021', 181910169),
('K0021', 181910170),
('K0021', 181910184),
('K0021', 181910210),
('K0021', 181910225),
('K0021', 181910238),
('K0021', 181910253),
('K0021', 181910257),
('K0021', 181910261),
('K0021', 181910266),
('K0022', 181910001),
('K0022', 181910003),
('K0022', 181910020),
('K0022', 181910066),
('K0022', 181910073),
('K0022', 181910077),
('K0022', 181910095),
('K0022', 181910098),
('K0022', 181910099),
('K0022', 181910103),
('K0022', 181910110),
('K0022', 181910120),
('K0022', 181910132),
('K0022', 181910137),
('K0022', 181910140),
('K0022', 181910143),
('K0022', 181910154),
('K0022', 181910158),
('K0022', 181910161),
('K0022', 181910162),
('K0022', 181910165),
('K0022', 181910171),
('K0022', 181910205),
('K0022', 181910206),
('K0022', 181910221),
('K0022', 181910222),
('K0022', 181910246),
('K0022', 181910250),
('K0022', 181910259),
('K0023', 171810010),
('K0023', 171810011),
('K0023', 171810014),
('K0023', 171810025),
('K0023', 171810028),
('K0023', 171810105),
('K0023', 171810108),
('K0023', 171810109),
('K0023', 171810111),
('K0023', 171810113),
('K0023', 171810129),
('K0023', 171810132),
('K0023', 171810135),
('K0023', 171810136),
('K0023', 171810137),
('K0023', 171810139),
('K0023', 171810144),
('K0023', 171810148),
('K0023', 171810149),
('K0023', 171810155),
('K0023', 171810163),
('K0023', 171810164),
('K0023', 171810165),
('K0023', 171810167),
('K0023', 171810168),
('K0023', 171810173),
('K0023', 171810178),
('K0023', 171810180),
('K0023', 171810185),
('K0023', 171810225),
('K0023', 171810228),
('K0023', 171810233),
('K0023', 171810237),
('K0023', 171810238),
('K0023', 171810239),
('K0023', 171810279),
('K0024', 171810003),
('K0024', 171810005),
('K0024', 171810017),
('K0024', 171810023),
('K0024', 171810024),
('K0024', 171810037),
('K0024', 171810065),
('K0024', 171810066),
('K0024', 171810071),
('K0024', 171810080),
('K0024', 171810086),
('K0024', 171810103),
('K0024', 171810106),
('K0024', 171810131),
('K0024', 171810143),
('K0024', 171810150),
('K0024', 171810157),
('K0024', 171810158),
('K0024', 171810159),
('K0024', 171810160),
('K0024', 171810166),
('K0024', 171810176),
('K0024', 171810181),
('K0024', 171810182),
('K0024', 171810183),
('K0024', 171810202),
('K0024', 171810219),
('K0024', 171810227),
('K0024', 171810229),
('K0024', 171810232),
('K0024', 171810234),
('K0024', 171810241),
('K0024', 171810280),
('K0024', 171810283),
('K0024', 171810286),
('K0024', 171810287),
('K0025', 171810013),
('K0025', 171810016),
('K0025', 171810018),
('K0025', 171810020),
('K0025', 171810026),
('K0025', 171810040),
('K0025', 171810052),
('K0025', 171810053),
('K0025', 171810055),
('K0025', 171810067),
('K0025', 171810068),
('K0025', 171810121),
('K0025', 171810122),
('K0025', 171810123),
('K0025', 171810133),
('K0025', 171810147),
('K0025', 171810161),
('K0025', 171810162),
('K0025', 171810171),
('K0025', 171810177),
('K0025', 171810184),
('K0025', 171810187),
('K0025', 171810189),
('K0025', 171810192),
('K0025', 171810201),
('K0025', 171810204),
('K0025', 171810218),
('K0025', 171810236),
('K0025', 171810247),
('K0025', 171810264),
('K0025', 171810268),
('K0025', 171810269);

--
-- Indexes for dumped tables
--

--
-- Indexes for table `tbl_absensi`
--
ALTER TABLE `tbl_absensi`
  ADD PRIMARY KEY (`id_absensi`),
  ADD UNIQUE KEY `id_absensi` (`id_absensi`,`id_jadwal`,`id_murid`,`status_absensi`),
  ADD KEY `id_jadwal` (`id_jadwal`),
  ADD KEY `id_murid` (`id_murid`);

--
-- Indexes for table `tbl_guru`
--
ALTER TABLE `tbl_guru`
  ADD PRIMARY KEY (`id_guru`);

--
-- Indexes for table `tbl_jadwal`
--
ALTER TABLE `tbl_jadwal`
  ADD PRIMARY KEY (`id_jadwal`),
  ADD KEY `id_guru` (`id_guru`),
  ADD KEY `id_kelas` (`id_kelas`),
  ADD KEY `id_mapel` (`id_mapel`);

--
-- Indexes for table `tbl_kelas`
--
ALTER TABLE `tbl_kelas`
  ADD PRIMARY KEY (`id_kelas`),
  ADD UNIQUE KEY `nama_kelas` (`nama_kelas`,`tahun_ajaran`);

--
-- Indexes for table `tbl_mapel`
--
ALTER TABLE `tbl_mapel`
  ADD PRIMARY KEY (`id_mapel`);

--
-- Indexes for table `tbl_murid`
--
ALTER TABLE `tbl_murid`
  ADD PRIMARY KEY (`id_murid`);

--
-- Indexes for table `tbl_recordmurid`
--
ALTER TABLE `tbl_recordmurid`
  ADD UNIQUE KEY `id_kelas` (`id_kelas`,`id_murid`),
  ADD KEY `id_murid` (`id_murid`);

--
-- Constraints for dumped tables
--

--
-- Constraints for table `tbl_absensi`
--
ALTER TABLE `tbl_absensi`
  ADD CONSTRAINT `tbl_absensi_ibfk_1` FOREIGN KEY (`id_jadwal`) REFERENCES `tbl_jadwal` (`id_jadwal`),
  ADD CONSTRAINT `tbl_absensi_ibfk_2` FOREIGN KEY (`id_murid`) REFERENCES `tbl_murid` (`id_murid`);

--
-- Constraints for table `tbl_jadwal`
--
ALTER TABLE `tbl_jadwal`
  ADD CONSTRAINT `tbl_jadwal_ibfk_1` FOREIGN KEY (`id_guru`) REFERENCES `tbl_guru` (`id_guru`),
  ADD CONSTRAINT `tbl_jadwal_ibfk_2` FOREIGN KEY (`id_kelas`) REFERENCES `tbl_kelas` (`id_kelas`),
  ADD CONSTRAINT `tbl_jadwal_ibfk_3` FOREIGN KEY (`id_mapel`) REFERENCES `tbl_mapel` (`id_mapel`);

--
-- Constraints for table `tbl_recordmurid`
--
ALTER TABLE `tbl_recordmurid`
  ADD CONSTRAINT `tbl_recordmurid_ibfk_1` FOREIGN KEY (`id_murid`) REFERENCES `tbl_murid` (`id_murid`),
  ADD CONSTRAINT `tbl_recordmurid_ibfk_2` FOREIGN KEY (`id_kelas`) REFERENCES `tbl_kelas` (`id_kelas`);
COMMIT;

/*!40101 SET CHARACTER_SET_CLIENT=@OLD_CHARACTER_SET_CLIENT */;
/*!40101 SET CHARACTER_SET_RESULTS=@OLD_CHARACTER_SET_RESULTS */;
/*!40101 SET COLLATION_CONNECTION=@OLD_COLLATION_CONNECTION */;
